Product Name,Description,Image Link,Price,Rating (out of 5),Vendor
HP NOKIA 105 JADUL DUAL SIM NEW - Hitam,Detail produk dari NOKIA 105 DUAL SIM (TA-1174) Nokia 105 Dual SIM 2017 Handphone [Garansi Resmi] merupakan handphone Nokia yang didesain klasik dan ergonomis. Waktu bicara hingga 15 jam dan dan satu bulan dalam kondisi siaga. Ukuran layar QVGA 1.8 Inch untuk tampilan yang lebih baik. Island keymat untuk pengiriman teks dan panggilan yang lebih mudah. Dengan bodi melengkung- ergonomis dan tata letak island key untuk panggilan cepat dan SMS- Nokia 105 memberi Anda nuansa ponsel berkualitas tinggi dan kokoh yang ada di telapak tangan Anda. Nokia 105 disiapkan untuk menghadapi cuaca apa pun yang ada pada hari ini- dengan selubung polikarbonat yang membuat warnanya tetap menyala. Di tambah lagi- dilengkapi dengan senter bawaan dan permainan yang sudah diisikan di antaranya Snake Xenzia yang klasik.,https://images.tokopedia.net/img/cache/500-square/VqbcmM/2021/9/27/7857e6af-3400-4766-aba8-e803269e3e47.png.webp?ect=4g,Rp122.000,4.7,Jvi shop
oppo A57 hp ram 3/32GB Kamera 16MP+13MP 4G LTE smartphone,"Selamat datang di toko kami. Jika perlu, silakan berkonsultasi dengan layanan pelanggan kami dan catat alamat email Anda. Kami akan memberi Anda unboxing video dari ponsel. Terima kasih telah memilih titik ini dan semoga Anda hidup bahagia! Kamera kecantikan Jadikan selfie Anda lebih cerah OPPO A57 menggunakan kamera kecantikan menghadap ke depan dengan ukuran lensa 1.4m Piksel dan sensor 0,635 cm (1/4 inci). Ini memungkinkan lebih banyak cahaya masuk Kamera, sehingga Anda dapat mengambil foto narsis yang cerah dan alami, bahkan di dalam ruangan Dalam kondisi minim cahaya. Beautify 4.0.0 Memperbarui Rahasia selfie yang bagus Dengan menggunakan data wajah dari jutaan pengguna, kami merancang 7 tingkat fungsi kecantikan yang berbeda, dua di antaranya cocok untuk warna kulit yang berbeda. Waktu nyata menggunakan A57 Dengan fungsi beautification, pengguna akan mendapatkan foto-foto natural dan eye-catching yang dengan senang hati dibagikan untuk pertama kalinya. A57 dilengkapi dengan kamera belakang 8 megapiksel dengan fungsi definisi ultra-tinggi Mode pemotretan untuk menangkap gambar yang sangat jelas dan detail foto. Dengan piksel besar 1,4m dan sensor 0,79 cm (1 / 3,2 inci), Kamera belakang A57 memungkinkan akses maksimum dan Minimalkan noise pada bidikan akhir. Piksel besar juga oke Tingkatkan rentang dinamis dan berikan gambar dengan kedalaman yang hidup dan Detail. Pada saat yang sama, apertur besar meningkatkan cahaya redup dan Pertunjukan malam. Desain all-in-one Kekuatan cahaya Dipotong menjadi rasio emas yang terkenal, A57 memiliki garis halus Transisi dari bingkai ke belakang menghadirkan efek gaya dan Merasa luar biasa.",https://images.tokopedia.net/img/cache/500-square/VqbcmM/2021/6/4/757e22c3-0143-41a8-8b14-f008a14b9ba5.jpg.webp?ect=4g,Rp699.000,4.8,lifestyle 3C
Oppo A3s RAM 2 16GB (Cek Deskripsi),"Selamat datang di Sinar Citangkill ! Selalu ready stock selama iklan ini masih aktif ya kak :) Keterangan : 1.) - body jamur, lecet, & gompal - list layar gompal - layar renggang & white spot - list kamera cat terkelupas 2.) - layar white spot - body lecet jamur - cat terkelupas 3.) - layar bekas lem/renggang - Body jamur & lecet - bezel gompal 4.) - korosi, lecet, cat terkelupas - body gompal - layar shadow, ws 5.) - layar lecet baret & kusam - body lecet baret, jamur, gompal - list layar gompal Penjelasan barang yang anda dapat : 1. Hp Second Bekas Original 2. Fungsi, Mesin 100% NORMAL 3. Dari pemakai langsung 4. Bisa dipakai semua kartu GSM diIndonesia (Telkomsel, XL, Indosat, dll) 5. Siap pakai 6. Bergaransi/kami terima retur 7. Dijamin aman dan termurah 8. kelengkapan ory tergantung stok jika stok accesories habis, kelengkapan kita kirim random atau OEM 9. Pengiriman barang akan dikirim dihari pesanan/1 hari setelah barang di pesan Kelengkapan: Unit + Dus Garansi : GARANSI TOKO 7 HARI SEJAK BARANG DITERIMA ! (Misal Rusak Kami bisa retur / Ganti Barang) Dengan Syarat : # Garansi Handphone nya saja # Accessories Tidak Di Garansi #3 Hari pertama adalah garansi penggantian barang /refund, diatas 3 hari adalah garansi service # Jika Kerusakan Bukan Ulah Pengguna (human error) ! Bukan Bongkar Sendiri / Masuk Air / Jatuh / Sebab Lain Yg Mengakibatkan Rusak Produk Tsb # Unit Masih Dalam Kondisi AWALNYA / NO LECET/GOMPAL Tambahan / Acc dan Kotak Harus Masih Lengkap #Claim sertakan dengan Video unboxing dan problemnya # Jika Syarat Diatas tidak dpt dipenuhi, maka garansi hangus. # Ongkir Retur/Refund sepenuhnya ditanggung oleh pembeli ! # Comment negative / Bintang 2 atau 1 Garansi Batal Contact Reseller: Whatsapp = 0812-9865-9151 Bisa Dropship",https://images.tokopedia.net/img/cache/500-square/VqbcmM/2021/10/15/e024f000-51a0-4c46-9cb5-ea5b7a32865e.jpg.webp?ect=4g,Rp670.000,5,Sinar Citangkill
Apple iPhone XR 128gb BH 100% MULUS 99% Fullset 3Utools ijo like new,"Pertukaran dan pengembalian gratis dalam waktu 7 hari. GARANSI TOKO 3BULAN SETELAH PAKET SAMPAI BACA DESKRIPSI DENGAN TELITI SEBELUM MEMBELI** -IPHONE XR SECOND MULUS 99% LIKE NEW Jika kakak memesan di toko milik kami, saya akan memilih yang terbaik untuk kakak, BH95%++100% 3utools hijau semua dan 100% -Produk ready stock -hanya menerima komplen yang disertai video bukti pembukaan paket -untuk pertanyaan lebih lanjut silahkan hubungi penjual Spesifikasi iPhone XR di Indonesia Rilis: September, 2018 Chipset: Apple A12 Bionic RAM: 3GB Memori internal: 64GB/128GB/256GB Ukuran HP: 150.9 x 75.7 x 8,3 mm Berat HP: 194 gram Waterproof: IP67 dust/water resistant (up to 1m for 30 mins) Ukuran layar: 6.1 inci, 828 x 1792 pixels Kamera depan: Dual camera, 7MP dan Sl 3D Kamera belakang: 12MP Baterai: Non-removable Li-Ion 2942 mAh Kamera Depan 7MP dengan True Depth Ada 2 keunggulan utama pada kamera iPhone XR. Meski memiliki resolusi yang sama dengan generasi pendahulunya, XR memiliki kemampuan lebih dengan disertakannya teknologi TrueDepth. Resolusi sebesar 7 megapiksel tidak membuat kualitas foto iPhone satu ini biasa-biasa saja. Berkat teknologi True Depth, hasil foto wajah menjadi lebih detail dan tajam. Apalagi dengan tersedianya fitur Potrait Mode untuk selfie.",https://images.tokopedia.net/img/cache/500-square/VqbcmM/2021/9/29/d910977c-5dc1-4ca3-816f-5e9b70e6ad40.jpg.webp?ect=4g,Rp4.850.000,4.9,Life Technology
iPhone 13 Pro Max 128GB 256GB 512GB 1TB ProMax 13 Dual Sim Nano IBOX,"READY SIAP KIRIM . . VARIANT PILIHAN : 1. Single Sim = Garansi Inter hanya bisa pakai 1 sim 2. Dual Nano = Dual Sim Garansi Internasional 3. IBOX = Garansi Resmi Indonesia Sertakan NOTE = untuk melilih warna ( SERETAKAN BUKTI UNBOXING ) NOTED : UNTUK GARANSI INTER IMEI TIDAK TEBACA DIKEMPERIN SIM SUDAH KAMI UNLOCK BISA LANGSUNG DI GUNAKAN DENGAN AMAN . Apple iPhone 13 Series lainnya https://www.tokopedia.com/digitalauthorized/iphone-13-pro-128gb-256gb-512gb-1tb-apple-13-pro-dual-nano-ibox-single-sim-128gb . https://www.tokopedia.com/digitalauthorized/iphone-13-64gb-128gb-256gb-apple-iphone-13-dual-nano-ibox-single-sim-64gb . 13 mini https://www.tokopedia.com/digitalauthorized/iphone-13-mini-64gb-128gb-256gb-iphone-mini-13-dual-nano-ibox-single-sim-64gb . KENAPA HARUS BELANJA SAMA DIGITAL AUTHORIZED? 1. GARANSI APPLE 1 TAHUN (BISA DI SEMUA NEGARA) 2. HARGA TERMURAH SE-INDOENSIA 3. KUALITAS BARANG TERJAMIN ORIGINAL 4. MEMPUNYAI TOKO FISIK HANYA UNTUK MEMBANTU KLAIM GARANSI 5. ORDER MASUK LANGSUNG KIRIM DIHARI YANG SAMA 6. BISA REQUEST NOTA . Adapter iPhone https://www.tokopedia.com/digitalauthorized/type-c-to-lan-usb-adapter . PENGIRIMAN : TOKO KAMI MENYEDIAKAN KURIR PRIBADI.(BISA BAYAR DITEMPAT). JAM PENGIRIMAN GRAB, JAM 09:00 PAGI - 16:45 SORE. (SETIAP HARI KECUALI MINGGU) ORDERAN DI ATAS JAM 16:00 AKAN KAMI KIRIM KEESOKAN HARINYA, KARNA JAM 4 KEATAS DRIVER SUDAH AGA SUSAH DICARI. UNTUK EXPEDISI MAX JAM 17.00, KAMI KIRIM BARENGAN DI SORE HARI (RESI OTOMATIS UPDATE MALAM HARI) PENGIRIMAN AMAN, . JAMINAN BARANG: - BNIB (Brand NEW in Box) - Unit dan accerois 100% original - GARANSI APPLE (BISA PROSES BANTU CLAIM LEWAT SELLER) - 1X24 JAM GARNASI TOKO ( UBOXING WAJIB PAKAI VIDEO ) . TENTANG KAMI : https://www.tokopedia.com/digitalauthorized/review MEMBAYAR = BERARTI SETUJU",https://images.tokopedia.net/img/cache/500-square/VqbcmM/2021/9/15/b5c8f829-6017-4ac0-ad10-813364196cf8.jpg.webp?ect=4g,Rp20.170.000,5,Digital Authorized
Iphone XR Garansi Resmi Ibox,"Promo Price sesuai stok yang tersedia Unit baru dan terbatas Silahkan cekout jika stok masih ada Iphone XR - Garansi Resmi Apple Green Peel New Product Garansi Resmi Apple indonesia Kode BARANG 64,128 Hitam ID/A Product Air Pods pro Garansi Resmi mungkin anda menyukainya https://tokopedia.link/iDujiVpqWab - Prodak Garansi 364 Hari ( Tidak Sampai Setahun ) Pada saat Aktifasi Connect Wifi yang dipake dan diliat saat Claimb Garansi Adalah Tgl Estimasi Expired Atau Nota Pembelian Mohon Melalukan Pengecekan pada saat pembelian - sebelum Aktifasi Untuk Pengecekan Bisa untuk Link https://checkcoverage.apple.com Perhatian !! Mohon teliti pada saat menerima produk , Silahkan lalukan pengecekan status aktivasi terlebih dahulu , melalui link di bawah ini : https://checkcoverage.apple.com/ Garansi Resmi Tidak ada Garansi Toko Dengan Mengaktifkan Prodak , Pembeli Wajib Mengikuti Kebijakan Dan Garansi yg tertera jam Operasional kami setiap harinya jam 11:30 - 18:30 Wib . untuk pengiriman Gosend/ Grab maksimal setiap harinya terakhir jam 15:45Wib prodak harus di asuransikan dari pihak penjual dan penbeli. imei terdaftar di menki info. ulasan Toko: https://tokopedia.link/Zz937JAXEab Prodak Prodak Lainnya: PowerBank Original https://tokopedia.link/lw8MhTlxCab Tambahkan Apple Adapter: https://www.tokopedia.com/sonic-phone101/apple-power-adapter-20w-usb-c-original Tambahkan Apple Earpods: https://www.tokopedia.com/sonic-phone101/apple-earpods-with-lightning-connector-original Tambahkan Silikon: https://www.tokopedia.com/sonic-phone101/silicon-transparant-iphone-xr Tambahkan Tempered Glass: https://www.tokopedia.com/sonic-phone101/tempered-glass-iphone-xr Tambahkan Lamina Tempered Glass: https://www.tokopedia.com/sonic-phone101/lamina-tempered-glass-premium-iphone Tambahkan Anti Gores Hydrogel: https://www.tokopedia.com/sonic-phone101/anti-gores-hydro-gel-rock-space-all-type",https://images.tokopedia.net/img/cache/500-square/attachment/2021/3/24/65580410/65580410_85c2e463-77ee-4b49-9961-b1ab60aa6fef.jpg.webp?ect=4g,Rp8.099.000,5,PT Pratama Sntra Semesta
Iphone 11 128GB Garansi Resmi TAM / Ibox,"Untuk Harga yg dicantum : Harga Promo Dan kuota yg Diberikan Terbatas. Mohon Konfirmasi Sebelum Check Out Untuk Kapasitas 64 , 128 ,256 Hanya Nama Produk Iphone 11 128 Varian gb dan warna silahkan diklik New pack / Slim Pack (Unit dan Kabel) 100% Garansi resmi 100% Baru dan asli 100% Segel asli greenpeel ( no repack) RESMI IMEI terdaftar di kemenperin / kominfo (cek Imei: http://kemenperin‚Ä¢go‚Ä¢id/imei/ ) Berlaku claim di semua service centre ibox Imei belum aktif / Fresh unit Operasional 11.00 - 19.00 - setiap pembelian iphone, bila sudah terkoneksi wifi/sudah di aktifkan dibantu ke apple resminya bila ada kendala, karena itu sudah ketentuan dari apple resminya. Case Premium iphone 11 https://www.tokopedia.com/sonic-phone101/case-premium-iphone-11?utm_source=Android&amp;utm_medium=Share&utm_campaign=Product%20Share air pods pro Garansi Resmi https://tokopedia.link/iDujiVpqWab Tambahkan AirPods Gen 2: https://www.tokopedia.com/sonic-phone101/apple-airpods-with-charging-case-generasi-ke-2-garansi-ibox Tambahkan AirPods Pro: https://www.tokopedia.com/sonic-phone101/apple-airpods-pro-garansi-ibox Tambahkan Lamina Tempered Glass: https://www.tokopedia.com/sonic-phone101/lamina-tempered-glass-premium-iphone Tambahkan Anti Gores Hydrogel: https://www.tokopedia.com/sonic-phone101/anti-gores-hydro-gel-rock-space-all-type",https://images.tokopedia.net/img/cache/500-square/VqbcmM/2021/11/2/4173dc21-75e3-4691-8574-c1e38cf0819b.png.webp?ect=4g,Rp10.499.000,5,PT Pratama Sntra Semesta
SAMSUNG GALAXY M32 - NFC - 5000mAh - 6GB 128GB 6/128 - Garansi Resmi,"SAMSUNG GALAXY M32 6/128GB GARANSI RESMI SEIN SAMSUNG INDONESIA IMEI TERDAFTAR DI WEBSITE KEMENPERIN WARNA TERSEDIA SESUAI VARIAN - HITAM - BIRU - PUTIH Spesifikasi : NETWORK Technology GSM / HSPA / LTE LAUNCH Announced 2021, June 21 Status Available. Released 2021, June 28 BODY Dimensions 159.3 x 74 x 8.4 mm Weight 180 g Build Glass front, plastic frame, plastic back SIM Dual SIM (Nano-SIM, dual stand-by) DISPLAY Type Super AMOLED, 90Hz, 800 nits (HBM) Size 6.4 inches, 98.9 cm2 (~83.9% screen-to-body ratio) Resolution 1080 x 2400 pixels, 20:9 ratio (~411 ppi density) PLATFORM OS Android 11, One UI 3.1 Chipset Mediatek Helio G80 (12 nm) CPU Octa-core (2x2.0 GHz Cortex-A75 & 6x1.8 GHz Cortex-A55) GPU Mali-G52 MC2 MEMORY Card slot microSDXC (dedicated slot) Internal 128GB, 8GB RAM eMMC 5.1 MAIN CAMERA Quad 64 MP, f/1.8, 26mm (wide), 1/1.97"", 0.7¬µm, PDAF 8 MP, f/2.2, 123Àö, (ultrawide), 1/4.0"", 1.12¬µm 2 MP, f/2.4, (macro) 2 MP, f/2.4, (depth) Features LED flash, panorama, HDR Video 1080p@30fps SELFIE CAMERA Single 20 MP, f/2.2, (wide) Video 1080p@30fps SOUND Loudspeaker Yes 3.5mm jack Yes COMMS WLAN Wi-Fi 802.11 a/b/g/n/ac, dual-band, Wi-Fi Direct, hotspot Bluetooth 5.0, A2DP, LE GPS Yes, with A-GPS, GLONASS, BDS, GALILEO NFC Yes Radio Unspecified USB USB Type-C 2.0, USB On-The-Go FEATURES Sensors Fingerprint (side-mounted), accelerometer, gyro, compass Virtual proximity sensing BATTERY Type Li-Ion 5000 mAh, non-removable Charging Fast charging 25W",https://images.tokopedia.net/img/cache/500-square/VqbcmM/2021/7/29/96748ddc-68de-423e-b34b-78818ea0b715.jpg.webp?ect=4g,Rp2.899.900,4.9,Shopyz ID
Samsung Galaxy A32 5G RAM 8 ROM 128 8GB 128GB Smartphone Resmi SEIN,"SIM: Single SIM or Hybrid Dual SIM Display Size: 6.5 inches, 102.0 cm2 (~81.6% screen-to-body ratio) Resolution: 720 x 1600 pixels, 20:9 ratio (~270 ppi density) OS: Android 11, One UI 3.0 RAM : 8GB ROM : 128GB Quad: 48 MP, f/1.8, 26mm (wide), 1/2.0"", 0.8¬µm, PDAF 8 MP, f/2.2, 123Àö, (ultrawide), 1/4.0"", 1.12¬µm 5 MP, f/2.4, (macro) 2 MP, f/2.4, (depth) Features: LED flash, panorama, HDR Video: 4K@30fps, 1080p@30/120fps Single: 13 MP, f/2.2, (wide) Video: 1080p@30fps Type: Li-Ion 5000 mAh, non-removable Charging: Fast charging 15W GRATIS Perlindungan Layar Handphone senilai Rp 750.000 selama 6 bulan (untuk 1 kali klaim terhadap layar). Mekanisme Aktivasi Proteksi Layar senilai 750.000 hanya mengirimkan data di chatbox (Maksimal 4 Hari Dari Tanggal Pembelian). Format: 1. Nama Lengkap 2. Email 3. Nomor HP 4. Type dan warna HP 5. Imei HP 6. Nomor Invoice Dapatkan penawaran promo Special Asuransi Proteksi 12 bulan senilai harga HP saat pembelian bersama device. Benefit: - Proteksi : Layar, Baterai, Konektor - Limit Proteksi senilai harga handphone - Selama 12 bulan - Klaim lebih dari 1 kali selama limit tersedia Penawaran terbatas hanya didapat saat pembelian bersama device (bundling: + Proteksi Asuransi 12 bulan) : a. Rp 55.000 --> HP di bawah 6 juta (Special Promo) b. Rp 175.000 --> HP di atas 6 juta (Special Promo) Lebih Detail Mengenai Protego Fix: http://salvusmart.id/productdetails/protegofix Promo Menarik Lainnya: GRATIS Paket Data ‚Ä¢ Bonus Kuota 15GB/bulan selama 24 bulan ( Total 360GB selama 2 Tahun ) dengan syarat Top Pulsa 50rb/ bln sejak kartu diaktifkan. pulsa tidak terpotong ‚Ä¢ Kuota dapat digunakan untuk seluruh akses data (Main Quota) ‚Ä¢ Cara Mendapatkan Bonus Kuota: a. Lakukan isi Ulang pulsa Smartfren minimum 50 ribu paling lambat 3 hari setelah aktivasi kartu b. Download aplikasi MySmartfren di Google PlayStore atau Apps Store c. Buka Aplikasi MySmartfren paling lambat 3 hari setelah isi Ulang Terima Kasih sudah berbelanja di Toko kami",https://images.tokopedia.net/img/cache/500-square/VqbcmM/2021/7/16/3d22f26b-1abd-4262-9dc6-c93f25c4a91f.png.webp?ect=4g,Rp3.850.000,4.9,SUPER_GADGET
SAMSUNG GALAXY A32 5G - NFC - 8GB 128GB 8/128 GARANSI RESMI,"SAMSUNG GALAXY A32 5G 8/128GB GARANSI RESMI SEIN SAMSUNG INDONESIA IMEI TERDAFTAR DI WEBSITE KEMENPERIN WARNA TERSEDIA SESUAI VARIAN - Awesome Black - Awesome White Spesifikasi : NETWORK Technology GSM / CDMA / HSPA / LTE / 5G LAUNCH Announced 2021, January 13 Status Available. Released 2021, January 22 BODY Dimensions 164.2 x 76.1 x 9.1 mm (6.46 x 3.00 x 0.36 in) Weight 205 g (7.23 oz) SIM Single SIM (Nano-SIM) or Hybrid Dual SIM (Nano-SIM, dual stand-by) DISPLAY Type TFT Size 6.5 inches, 102.0 cm2 (~81.6% screen-to-body ratio) Resolution 720 x 1600 pixels, 20:9 ratio (~270 ppi density) PLATFORM OS Android 11, One UI 3.0 Chipset MediaTek MT6853 Dimensity 720 5G (7 nm) CPU Octa-core (2x2.0 GHz Cortex-A76 & 6x2.0 GHz Cortex-A55) GPU Mali-G57 MC3 MEMORY Card slot microSDXC (uses shared SIM slot) Internal 64GB 4GB RAM, 128GB 4GB RAM, 128GB 6GB RAM, 128GB 8GB RAM MAIN CAMERA Quad 48 MP, f/1.8, 26mm (wide), 1/2.0"", 0.8¬µm, PDAF 8 MP, f/2.2, 123Àö, (ultrawide), 1/4.0"", 1.12¬µm 5 MP, f/2.4, (macro) 2 MP, f/2.4, (depth) Features LED flash, panorama, HDR Video 4K@30fps, 1080p@30/120fps SELFIE CAMERA Single 13 MP, f/2.2, (wide) Video 1080p@30fps SOUND Loudspeaker Yes 3.5mm jack Yes COMMS WLAN Wi-Fi 802.11 a/b/g/n/ac, dual-band, Wi-Fi Direct, hotspot Bluetooth 5.0, A2DP, LE GPS Yes, with A-GPS, GLONASS, GALILEO, BDS NFC Yes (market/region dependent) Radio Unspecified USB USB Type-C 2.0, USB On-The-Go FEATURES Sensors Fingerprint (side-mounted), accelerometer, gyro, proximity, compass BATTERY Type Li-Ion 5000 mAh, non-removable Charging Fast charging 15W MISC Colors Awesome Black, Awesome White, Awesome Blue, Awesome Violet",https://images.tokopedia.net/img/cache/500-square/VqbcmM/2021/6/7/6c8e3369-cb6a-4618-a30c-c876cb9ceec1.jpg.webp?ect=4g,Rp3.849.900,5,Shopyz ID
iPHONE 11 PRO 64GB SECOND ORIGINAL 100% FULLSET MULUS LIKE NEW,jaringan aman 100% Bisa pakai semua kartu / all provider Ready stok iPhone 11 Pro pilihan kapasitas 64GB/256GB/512GB warna : Midnight green/Space grey/Gold/Siilver kondisi unit 98-99% Likenew 3utools hijau semua icloud kosong. bebas reset. bebas update terbaik semua fungsi normal lancar jaya kesehatan baterai health diatas 85% good condition Ex second internasional Garansi 7 hari setelah barang diterima kecuali segel rusak / human error kelengkapan fullset box dan headset oem ( cas Fastcharger usb C ) info & saran : jika barang sudah diterima mohon dicek dulu keseluruhan fungsi sebelum selesaikan pesanan jika ada keluhan silahkan klik ajukan pengembalian barang dan dana untuk proses retur makasih üôè,https://images.tokopedia.net/img/cache/500-square/VqbcmM/2021/1/15/3e1c61c8-7b2b-4520-acf5-c5613066525c.jpg.webp?ect=4g,Rp8.900.000,5,LINDA818SHOP
iPhone 7 plus 128gb Second original inter,"iPhone 7 plus 128gb bekas original inter - Ex inter NO MINUS ‚û°Ô∏è ORDER QUANTITY / RESELLER WELCOME Gratis ongkir keseluruh Indonesia!! Belum yakin sama toko kita? Baca ulasan pembeli"" lain ya biar yakin! https://www.tokopedia.com/mataharimobile/review Note: Jika terdapat kerusakan saat diterima, Wajib video unboxing ‚ÄºÔ∏èBACA DULU YA KA SEBELUM ORDER ^^ ‚ÄºÔ∏è ‚úîÔ∏è NO rekon/refurbish ‚úîÔ∏è Batangan = HP Only ‚úîÔ∏è Fullset = Dus & ACC OEM (ACC Tidak ada Garansi) ‚úîÔ∏è Ex. inter ‚úîÔ∏è Sinyal tidak terblokir (All operator) ‚úîÔ∏è No Minus ( Mesin semua berjalan mulus) ‚úîÔ∏è 3UTOOLS Hijau ‚úîÔ∏è Ready Stock üóí Bergaransi : - 1 Bln (Camera, Face Id, LCD, Fingerprint, Mesin) - 3 Bulan untuk IMEI ‚ö†Ô∏è Tidak bisa klaim garansi jika: - Terbakar - Terkena cairan - Terjatuh - Segel tidak utuh - Kesalahan Pengguna / Human Error ‚ö†Ô∏è‚ö†Ô∏è REMINDER ‚ö†Ô∏è‚ö†Ô∏è - Barang READY STOCK, ngga perlu tanya ready apa nggaknya, langsung saja di order ya ka^^ - Jika ada pertanyaan tentang produk , bisa langsung chat ke kita ya - Chat akan kita balas dari bawah, jadi mohon untuk tidak Spam Chat - Pemesanan dibawah jam 3, kemungkinan akan dikirim pada besoknya - Jadwal buka: Senin - Sabtu (üïó 08.00 - 22.00 üïô WIB) & Minggu (üïï 12.00 - 22.00 üïô WIB) - Pembayaran bisa melalu Tokopedia, Rekening BCA",https://images.tokopedia.net/img/cache/500-square/VqbcmM/2021/9/16/d8c8956e-2d97-4941-8aae-56f9c2118b7e.jpg.webp?ect=4g,Rp3.400.000,5,Matahari Store Online
iPhone XR 256GB/128GB/64GB SECOND BEKAS DUAL SIM ORIGINAL 100% MULUS,"Selamat datang di BOSS1688 Sinyal Bisa All Oprator 4G LTE Garansi Sinyal Selamanya *Menyediakan HP Second Original Bergaransi dgn harga dan kualitas terbaik *Profesional Telah Berjualan Sejak Tahun 2008 & Online Shop Sejak 2015 *Tingkat Kepuasan & Reputasi Toko di atas Rata ‚Äì Rata Seller lainya Ready Selama iklan Aktif (Warna dan Kapasitas Memory Sesuaikan pada Judul dan Variant) BACA INI SEBELUM MEMBELI - Produk Original Bekas Garansi Internasional - Fungsional Normal Beserta fitur nya Tidak Minus - Mulus 97%-99% (like New) - Batre Healt 90-100% (bisa Request) - 3Utools ijo - LCD dan Casing original pabrik - 100% BISA SIM Operator ALL PROVIDER - Icloud Aman , Bebas Reset & Update - Imei BOX dan mesin COCOK 100% - Garansi HP 7 Hari Sejak Diterima - Kondisi Second Tidak Sama Setiap Saat tp dikirim yg terbaik - Kelengkapan Aksesoris OEM Artinya Bukan Original Bawaan Pabrik - (Dus Box + Imei , Kabel + Adaptor Charger , Headset) - Headset Iphone Koneksi ‚ÄúBluetooth Pairing Kami Tentu Akan Quality Check Sebelum Mengirimkan Pesanan Very Wellcome Reseller , Stok Toko & Dropshiper Akan dikirim tanpa nota harga asli untuk menjalin hubungan kerja sama yg baik info & saran : mohon dicek dulu keseluruhan fungsi sebelum selesaikan pesanan Jika ada keluhan Silahkan klik Tombol Komplain Mohon Komunikasi Chat dgn admin Kami Sehingga Mendapat Solusi Terbaik JGN Asal Memberi Review / Nilai / Ulasan Buruk - Biasakan Bertanya REVIEW / COMMENT NEGATIF PADA LAPAK GARANSI VOID / HANGUS!!",https://images.tokopedia.net/img/cache/500-square/VqbcmM/2021/11/4/fbf08a10-479e-4033-a131-778ea3d03dd4.jpg.webp?ect=4g,Rp5.399.000,5,BOSS1688
iPhone 11 256GB/128GB/64GB SECOND Original 100% Mulus Fullset,Ready stok iPhone 11 pilihan kapasitas 64GB 128GB 256GB kondisi unit 98-99% Likenew 3utools hijau semua icloud kosong. bebas reset. bebas update terbaik semua fungsi normal lancar jaya kesehatan baterai health diatas 85% good condition Ex second internasional Garansi 7 hari setelah barang diterima kecuali segel rusak / human error kelengkapan fullset box dan headset oem ( cas Fastcharger usb C ) info & saran : jika barang sudah diterima mohon dicek dulu keseluruhan fungsi sebelum selesaikan pesanan jika ada keluhan silahkan klik ajukan pengembalian barang dan dana untuk proses retur makasih üôè,https://images.tokopedia.net/img/cache/500-square/VqbcmM/2021/11/23/8faeaee8-3460-48c1-82a1-7d7f3670d17b.jpg.webp?ect=4g,Rp6.690.000,-,START68
Samsung Galaxy A52s 5G Garansi Resmi SEIN,"Garansi Resmi SEIN A52s 5G 8/256GB Build: Glass front (Gorilla Glass 5), plastic back SIM: Single SIM (Nano-SIM) or Hybrid Dual SIM (Nano-SIM, dual stand-by) IP67 dust/water resistant (up to 1m for 30 mins) Type: Super AMOLED, 120Hz, 800 nits (HBM)Size: 6.5 inches, 102.0 cm2 (~84.9% screen-to-body ratio) Resolution: 1080 x 2400 pixels, 20:9 ratio (~405 ppi density) Protection: Corning Gorilla Glass 5OS: Android 11, One UI 3.1 Chipset: Qualcomm Snapdragon 778G 5G (6 nm) CPU: Octa-core (1x2.4 GHz Kryo 670 Prime & 3x2.2 GHz Kryo 670 Gold & 4x1.9 GHz Kryo 670 Silver) GPU: Adreno 642LCard slot: microSDXC (uses shared SIM slot) Internal: 256GB 8GB RAM Quad: 64 MP, f/1.8, 26mm (wide), 1/1.7"", 0.8¬µm, PDAF, OISSingle: 32 MP, f/2.2, 26mm (wide), 1/2.8"", 0.8¬µm Features: LED flash, panorama, HDR Video: 4K@30fps, 1080p@30/60fps; gyro-EIS WLAN: Wi-Fi 802.11 a/b/g/n/ac, dual-band, Wi-Fi Direct, hotspot Bluetooth: 5.0, A2DP, LEGPS: Yes, with A-GPS, GLONASS, GALILEO, BDS, QZSS NFC: Yes (market/region dependent) Radio: Unspecified USB: USB Type-C 2.0, USB On-The-Go Sensors: Fingerprint (under display, optical), accelerometer, gyro, proximity, compass ANT+Type: Li-Po 4500 mAh, non-removable Charging: Fast charging 25W Dimensions: 159.9 x 75.1 x 8.4 mm (6.30 x 2.96 x 0.33 in) Weight: 189 g (6.67 oz)",https://images.tokopedia.net/img/cache/500-square/VqbcmM/2021/9/17/aa4a385f-4fa3-4c5d-a479-731b3e5039dc.jpg.webp?ect=4g,Rp6.049.000,5,SAMSUNG ACC
SAMSUNG GALAXY M62 8/256 GB SAMSUNG M62 8/256 GB GARANSI RESMI SEIN,"New, Segel, Garansi Resmi SEIN. SAMSUNG GALAXY M62 RAM 8 GB ROM 256 GB Processor Exynos 9825 (7 nm) Android 11; One UI 3.1 Layar 6,7"" Super AMOLED Plus 1080 x 2400 pixels w/Gorilla Glass, 20:9 ratio (~393 ppi density) Corning Gorilla Glass 5 Dual Nano SIM Card Memory Micro SD up to 1 TB Quad Camera: 64MP + 12MP + 5MP + 5MP Front Camera: 32MP FM Radio Fingerprint side sensor NFC Ready USB Type C 25W Fast Charging 7000mAh Lithium Polymer Battery",https://images.tokopedia.net/img/cache/500-square/VqbcmM/2021/6/17/2a9abba9-acca-4f6a-b759-1a50e029b708.png.webp?ect=4g,Rp4.750.000,5,STR-STORE
SAMSUNG GALAXY A32 6/128 GARANSI RESMI,"SPESIFIKASI SIM Single SIM (Nano-SIM) or Dual SIM (Nano-SIM, dual stand-by) Size 6.4 inches, 98.9 cm2 (~84.6% screen-to-body ratio) PLATFORM OS Android 11, One UI 3.1 Chipset Mediatek Helio G80 (12 nm) CPU Octa-core (2x2.0 GHz Cortex-A75 & 6x1.8 GHz Cortex-A55) GPU Mali-G52 MC2 Internal 128GB 6GB RAM, MAIN CAMERA Quad 64 MP, 8 MP, 5 MP, 5 MP, SELFIE CAMERA Single 20 MP, BATTERY Type Li-Ion 5000 mAh, non-removable",https://images.tokopedia.net/img/cache/500-square/VqbcmM/2021/4/5/8c7a14c1-f4c1-433c-bd7d-514d76ee0af1.jpg.webp?ect=4g,Rp3.490.000,4.9,jikalaku
Redmi Note 10 Pro 6/64GB + 8/128GB Garansi Resmi,"Garansi Resmi Xiaomi Indonesia IMEI Terdaftar~ Siap kirim~ Bukan Pre Order NETWORK Technology GSM / HSPA / LTE LAUNCH Announced 2021, March 04 Status Available. Released 2021, March 24 BODY Dimensions 164 x 76.5 x 8.1 mm (6.46 x 3.01 x 0.32 in) Weight 193 g (6.81 oz) Build Glass front (Gorilla Glass 5), glass back (Gorilla Glass 5), plastic frame SIM Dual SIM (Nano-SIM, dual stand-by) IP53, dust and splash protection DISPLAY Type AMOLED, 120Hz, HDR10, 450 nits (typ), 1200 nits (peak) Size 6.67 inches, 107.4 cm2 (~85.6% screen-to-body ratio) Resolution 1080 x 2400 pixels, 20:9 ratio (~395 ppi density) Protection Corning Gorilla Glass 5 PLATFORM OS Android 11, MIUI 12 Chipset Qualcomm SM7150 Snapdragon 732G (8 nm) CPU Octa-core (2x2.3 GHz Kryo 470 Gold & 6x1.8 GHz Kryo 470 Silver) GPU Adreno 618 MEMORY Card slot microSDXC (dedicated slot) Internal 64GB 6GB RAM, 128GB 6GB RAM, 128GB 8GB RAM UFS 2.2 MAIN CAMERA Quad 108 MP, f/1.9, 26mm (wide), 1/1.52"", 0.7¬µm, dual pixel PDAF 8 MP, f/2.2, 118Àö (ultrawide), 1/4.0"", 1.12¬µm 5 MP, f/2.4, (macro), AF 2 MP, f/2.4, (depth) Features LED flash, HDR, panorama Video 4K@30fps, 1080p@30/60fps SELFIE CAMERA Single 16 MP, f/2.5, (wide), 1/3.06"", 1.0¬µm Features Panorama Video 1080p@30fps, 720p@120fps SOUND Loudspeaker Yes, with stereo speakers 3.5mm jack Yes 24-bit/192kHz audio COMMS WLAN Wi-Fi 802.11 a/b/g/n/ac, dual-band, Wi-Fi Direct, hotspot Bluetooth 5.1, A2DP, LE GPS Yes, with A-GPS, GLONASS, GALILEO, BDS NFC Yes (market/region dependent) Infrared port Yes Radio FM radio USB USB Type-C 2.0 FEATURES Sensors Fingerprint (side-mounted), accelerometer, gyro, proximity, compass BATTERY Type Li-Po 5020 mAh, non-removable",https://images.tokopedia.net/img/cache/500-square/VqbcmM/2021/3/31/5a643563-0f91-4abc-97fa-7f32ab9dbc79.jpg.webp?ect=4g,Rp3.635.000,5,duniagadgetku
Infinix Hot 10s 6/128 RAM 6GB ROM 128GB GARANSI RESMI,"100% Garansi resmi infinix (jangan ditanya lagi garansi apa) 100% Asli dan baru (jangan di tanya lagi baru apa bekas) Untuk warna Chat ke kami terlebih dahulu, setelah chat tulis warna di kolom keterangan pada saat pesan, Pembeli tidak tanya terlebih dahulu atau tidak tulis di kolom keterangan maka kami kirim random / sesuai stok kami yang ada, jadi kalau komplain, otomatis kami TOLAK!!! Dibawah ini link extra dus dan extra bubble agar pengiriman paket aman sampe tujuan : EXTRA DUS https://www.tokopedia.com/premiumofficial/dus-for-safety-packaging-extra-dus EXTRA BUBBLE https://www.tokopedia.com/premiumofficial/bubble-warp-for-safety-packing-extra-bubble-warp Dimensi 171.5*77.5*9.2mm 90Hz 6.82‚Äù HD+ Ultra Smooth Display Mediatek Helio G85 Excellent Gaming Perfomance Baterai 6.000mAh Power Marathon Tech Non-stop Playing Dar-link Ultimate Game Booster 128GB ROM + 6GB RAM 48MP+2MP+AI Lens with Quad-Flash Light 8MP FF with Dual Flash Light Triple-slot dengan Dedicated Micro SD Storage hingga 512 GB Fingerprint & Face Unlock AndroidTM 11 Garansi Resmi Infinix",https://images.tokopedia.net/img/cache/500-square/VqbcmM/2021/5/19/3409ba08-6526-42e9-9d9e-6e5315a3190a.jpg.webp?ect=4g,Rp1.985.000,5,PREMIUM OFFICIAL STORE
IPhone 12 Pro Max Garansi Resmi Ibox,"Green Peel New Product Garansi Resmi Apple indonesia - Prodak Garansi 364 Hari ( Tidak Sampai Setahun ) Pada saat Aktifasi Connect Wifi Garansi Resmi Apple Tidak ada Garansi Toko Dengan Mengaktifkan Prodak , Pembeli Wajib Mengikuti Kebijakan Dan Garansi yg tertera Tempered GLASS PREMIUM https://www.tokopedia.com/sonic-phone101/tempered-glass-full-screen-iphone-11-11pro-11promax CASE MAGSAFE Copy: https://www.tokopedia.com/sonic-phone101/clear-case-with-magsafe-iphone-12-pro-max-iphone-12-12pro-premium-copy Tambahkan Apple Adapter:: https://www.tokopedia.com/sonic-phone101/Apple-Power-Adapter-20w-usb-c-original Atau Variasi Lain Dari Adapter 20 watt Anker Adapter 20 Watt USB-C: https://tokopedia.link/dusS4qrLOgb Tambahkan AirPods Pro: https://www.tokopedia.com/sonic-phone101/apple-airpods-pro-garansi-ibox Tambahkan Apple Earpods: https://www.tokopedia.com/sonic-phone101/apple-earpods-with-lightning-connector-original Tambahkan Lamina Tempered Glass: https://www.tokopedia.com/sonic-phone101/lamina-tempered-glass-premium-iphone Tambahkan Anti Gores Hydrogel: https://www.tokopedia.com/sonic-phone101/anti-gores-hydro-gel-rock-space-all-type",https://images.tokopedia.net/img/cache/500-square/VqbcmM/2021/11/2/e0aacb21-90b6-4414-b276-0127bd241a27.png.webp?ect=4g,Rp19.299.000,5,PT Pratama Sntra Semesta
iPhone 13 Pro Max 128GB 256GB 512GB 1TB Blue Graphite Gold Silver IBOX,"READY SIAP KIRIM . . Sertakan NOTE = untuk melilih warna ( SERETAKAN BUKTI UNBOXING ) NOTED : GARANSI RESMI IBOX IMEI TERDAFTAR SIM SUDAH KAMI UNLOCK BISA LANGSUNG DI GUNAKAN DENGAN AMAN . Apple iPhone 13 Series lainnya https://www.tokopedia.com/digitalauthorized/iphone-13-pro-128gb-256gb-512gb-1tb-apple-13-pro-dual-nano-ibox-single-sim-128gb . https://www.tokopedia.com/digitalauthorized/iphone-13-64gb-128gb-256gb-apple-iphone-13-dual-nano-ibox-single-sim-64gb . 13 mini https://www.tokopedia.com/digitalauthorized/iphone-13-mini-64gb-128gb-256gb-iphone-mini-13-dual-nano-ibox-single-sim-64gb . KENAPA HARUS BELANJA SAMA DIGITAL AUTHORIZED? 1. GARANSI APPLE 1 TAHUN (BISA DI SEMUA NEGARA) 2. HARGA TERMURAH SE-INDOENSIA 3. KUALITAS BARANG TERJAMIN ORIGINAL 4. MEMPUNYAI TOKO FISIK HANYA UNTUK MEMBANTU KLAIM GARANSI 5. ORDER MASUK LANGSUNG KIRIM DIHARI YANG SAMA 6. BISA REQUEST NOTA . Adapter iPhone https://www.tokopedia.com/digitalauthorized/type-c-to-lan-usb-adapter . PENGIRIMAN : TOKO KAMI MENYEDIAKAN KURIR PRIBADI.(BISA BAYAR DITEMPAT). JAM PENGIRIMAN GRAB, JAM 09:00 PAGI - 16:45 SORE. (SETIAP HARI KECUALI MINGGU) ORDERAN DI ATAS JAM 16:00 AKAN KAMI KIRIM KEESOKAN HARINYA, KARNA JAM 4 KEATAS DRIVER SUDAH AGA SUSAH DICARI. UNTUK EXPEDISI MAX JAM 17.00, KAMI KIRIM BARENGAN DI SORE HARI (RESI OTOMATIS UPDATE MALAM HARI) PENGIRIMAN AMAN, . JAMINAN BARANG: - BNIB (Brand NEW in Box) - Unit dan accerois 100% original - GARANSI APPLE (BISA PROSES BANTU CLAIM LEWAT SELLER) - 1X24 JAM GARNASI TOKO ( UBOXING WAJIB PAKAI VIDEO ) . TENTANG KAMI : https://www.tokopedia.com/digitalauthorized/review MEMBAYAR = BERARTI SETUJU",https://images.tokopedia.net/img/cache/500-square/VqbcmM/2021/11/10/92a69255-b32a-44c6-9d78-f67aee737090.jpg.webp?ect=4g,Rp22.500.000,5,Digital Authorized
iPhone Xs Max 256gb 64gb 512gb Second Fullset No Minus All operator,aringan aman 100% Bisa pakai semua kartu / all provider READY PILIHAN KAPASITAS Variasi warna : GOLD / GREY / SILVER 64GB & 256GB & 512GB Kondisi normal mulus likenew 98%-99% Semua fungsi normal lancar jaya LCD original bawaan 100% 3utools score 100% icloud kosong. bebas reset. bebas update terbaik KESEHATAN BH DIATAS 90+% Garansi toko 1 minggu setelah di terima kecuali segel rusak / human error Feedback negatif garansi hangus kelengkapan Fullset acc oem untuk headset di pairing dulu kak konek bluetooth Note : perlengkapan aksesoris OEM artinya bukan original bawaan. seperti Adapter / Kabel / Headset tidak ada garansi üôè,https://images.tokopedia.net/img/cache/500-square/VqbcmM/2021/3/18/658e1047-ad6b-423b-9446-61c130ff048e.jpg.webp?ect=4g,Rp5.850.000,4.6,START68
APPLE IPHONE XS MAX 256GB FU LTE 4G BARU NEW ORIGINAL GARANSI 1 TAHUN,"Iphone XS MAX 256GB Garansi 1 Tahun BISA SEMUA KARTU ALL OPERATOR ( FREE TEMPERED GLASS + SOFTCASE TRANSPARAN + STICKER APPLE ) SEBELUM ORDER WAJIB DIBACA : 1. New Original 100% ( Jika tidak terbukti original, uang kembali 2x lipat ) 2. Produk 100% Original BUKAN SUPERCOPY / REPLIKA 3. Fisik mulus 100% ( BUKAN SECOND ) 4. Mesin Normal 100% 5. IMEI dan ICLOUD dijamin AMAN 6. Garansi 1 Tahun 7. Kelengkapan FULLSET 8. SILENT CAM 9. BATTERE HEALTH 100% KETENTUAN GARANSI : 1. Segel harus dalam kondisi utuh, tidak boleh rusak atau terindikasi pernah dibongkar. 2. Aksesoris [charger, headset, kabel data] harus dalam keadaan baik. 3. Harap menjaga kondisi handphone dalam kondisi mulus tidak lecet / cacat fisik, lengkap dan segel utuh selama masa garansi. GARANSI HANGUS APABILA 1. Segel bolong/lepas/sobek yang terindikasi pernah dibongkar. 2. Body lecet / gompal bekas jatuh. 3. LCD pecah / rusak karena kesalahan pemakaian. 4. Handphone terkena cairan ataupun terbakar. * Dengan membeli maka kami anggap anda telah membaca dan menyetujui ketentuan kami",https://images.tokopedia.net/img/cache/500-square/VqbcmM/2021/9/17/678b834a-6864-4dda-a4aa-64ac10887cfa.jpg.webp?ect=4g,Rp7.899.000,4.8,ABC STORE88
"iPhone 13 Pro 128GB 256GB 512GB 1TB 13 Pro Dual Sim Nano IBOX - INTER SINGLE, 128GB GOLD","READY SIAP KIRIM . . VARIANT PILIHAN : 1. Single Sim = Garansi Inter hanya bisa pakai 1 sim 2. Dual Nano = Dual Sim Garansi Internasional 3. IBOX = Garansi Resmi Indonesia Sertakan NOTE = untuk melilih warna ( SERETAKAN BUKTI UNBOXING ) NOTED : UNTUK GARANSI INTER IMEI TIDAK TEBACA DIKEMPERIN SIM SUDAH KAMI UNLOCK BISA LANGSUNG DI GUNAKAN DENGAN AMAN . Apple iPhone 13 Series lainnya https://www.tokopedia.com/digitalauthorized/iphone-13-pro-max-128gb-256gb-512gb-1tb-promax-13-dual-nano-ibox-single-sim-128gb . https://www.tokopedia.com/digitalauthorized/iphone-13-64gb-128gb-256gb-apple-iphone-13-dual-nano-ibox-single-sim-64gb . 13 mini https://www.tokopedia.com/digitalauthorized/iphone-13-mini-64gb-128gb-256gb-iphone-mini-13-dual-nano-ibox-single-sim-64gb . KENAPA HARUS BELANJA SAMA DIGITAL AUTHORIZED? 1. GARANSI APPLE 1 TAHUN (BISA DI SEMUA NEGARA) 2. HARGA TERMURAH SE-INDOENSIA 3. KUALITAS BARANG TERJAMIN ORIGINAL 4. MEMPUNYAI TOKO FISIK HANYA UNTUK MEMBANTU KLAIM GARANSI 5. ORDER MASUK LANGSUNG KIRIM DIHARI YANG SAMA 6. BISA REQUEST NOTA . Adapter iPhone https://www.tokopedia.com/digitalauthorized/type-c-to-lan-usb-adapter . PENGIRIMAN : TOKO KAMI MENYEDIAKAN KURIR PRIBADI.(BISA BAYAR DITEMPAT). JAM PENGIRIMAN GRAB, JAM 09:00 PAGI - 16:45 SORE. (SETIAP HARI KECUALI MINGGU) ORDERAN DI ATAS JAM 16:00 AKAN KAMI KIRIM KEESOKAN HARINYA, KARNA JAM 4 KEATAS DRIVER SUDAH AGA SUSAH DICARI. UNTUK EXPEDISI MAX JAM 17.00, KAMI KIRIM BARENGAN DI SORE HARI (RESI OTOMATIS UPDATE MALAM HARI) PENGIRIMAN AMAN, . JAMINAN BARANG: - BNIB (Brand NEW in Box) - Unit dan accerois 100% original - GARANSI APPLE (BISA PROSES BANTU CLAIM LEWAT SELLER) - 1X24 JAM GARNASI TOKO ( UBOXING WAJIB PAKAI VIDEO ) . TENTANG KAMI : https://www.tokopedia.com/digitalauthorized/review MEMBAYAR = BERARTI SETUJU",https://images.tokopedia.net/img/cache/500-square/VqbcmM/2021/9/20/2a96edd7-8b82-411b-b3ae-d2d12869a9f5.jpg.webp?ect=4g,Rp18.775.000,5,Digital Authorized
infinix hot 10 play 4/64gb garansi resmi - obsidian black,"Dimensi 171.1x77.6x8.88mm Layar 6.78"" HD+ Infinity -O Display Mediatek Helio G35 Baterai 6000 mah 64GB ROM + 4GB RAM 13MP+2MP+2MP+AI LENS AI Quad Rear Camera with Quad-Flash Light 8MP FF Front Camera with Dual-Flash Light DTS Audio Technology Triple-slot dengan Dedicated Micro SD Storage hingga 512GB Fingerprint & Face Unlock Android‚Ñ¢ 10 Garansi Resmi Infinix",https://images.tokopedia.net/img/cache/500-square/VqbcmM/2021/5/16/1e88f58f-e3a5-4873-9fb4-057f2e617c6e.jpg.webp?ect=4g,Rp1.549.000,5,pratamaponsel
Samsung Galaxy A52 8/128 Garansi Resmi,"GARANSI RESMI SEIN Ukuran layar: 6.5 inches, 102.0 cm2, 1080 x 2400 pixels, 20:9 ratio (~405 ppi density), Super AMOLED, 90Hz Memori: RAM 8GB, ROM 128GB, microSDXC up to 1GB Sistem operasi: Android 11; One UI 3.1 CPU: Qualcomm SM7125 Snapdragon 720G (8 nm), Octa-core (2x2.3 GHz Kryo 465 Gold & 6x1.8 GHz Kryo 465 Silver) GPU: Adreno 618 Kamera Belakang: 64 MP f/1.8 26mm PDAF OIS (wide), 12 MP f/2.2 123Àö (ultrawide), 5 MP f/2.4 (macro), & 5 MP f/2.4 (depth) Kamera Depan: 32 MP f/2.2 26mm (wide) SIM: Hybrid Dual SIM (Nano-SIM, dual stand-by) Baterai: Li-Po 4500 mAh, non-removable Berat: 189 gr Garansi Resmi",https://images.tokopedia.net/img/cache/500-square/VqbcmM/2021/4/10/c701506f-bf06-4883-bb34-d61561991765.jpg.webp?ect=4g,Rp4.840.000,4.9,Best Phone Cell
Evercoss Tera S6 4/32 Ram 4GB Internal 32GB Garansi Resmi,"Deskripsi Evercoss Tera S6 4/32 Ram 4gb Internal 32gb Garansi Resmi Garansi Resmi 1 tahun Spesifikasi Lengkap Evercoss TERA 4GB ( S6 ) : CPU : Octa Core 1.6 GHz RAM : 4GB ROM : 32GB Screen : 6.6‚Äù IPS OGS Water Drop Super HD+ (720x1600) Touch Poin : 5 Finger Camera Back : 13 MP + Triple Camera + AF + Flash Camera Front : 8MP Battery : 4500 mAh OS : Android 10 Connectivity : 4G, 3G, 2G, WIFI, Bluetooth Support OTG, 2 Sim Card + Ext SD Card Up To 64 Radio FM Sensor : GPS, ACCELO, ORIENTATION , PROXIMITY Face Unlock",https://images.tokopedia.net/img/cache/500-square/VqbcmM/2020/11/27/3edd516a-f69e-4bb0-929c-95264252f9df.jpg.webp?ect=4g,Rp1.070.000,4.9,dk-cell
INFINIX NOTE 10 RAM 6 128 GARANSI RESMI,"HI selamat datang di toko kami :) Kami adalah salah satu Distributor khusus HP Bergaransi RESMI(kami ada TOKO OFFLINE) Barang dijamin ORIGINAL dan barang PASTI BARU semua produk berGARANSI RESMI dan IMEI TERDAFTAR PENTING!!! 1.PILIHAN WARNA,HARAP CHAT TERLEBIH DAHULU 2.BONUS BISA PILIH VARIAN BONUS/GIFT(APABILA TIDAK DAPATNYA STANDARD DLM BOXNYA) 3.GARANSI TOKO/RETUR BISA DIBACA SYARATNYA DI CATATAN TOKO KAMI Pengiriman SETIAP HARI(SENIN-MINGGU) ORDER LANGSUNG DIPROSES SELAMA JAM AKTIF READY GOJEK/GRAB!!! SAMEDAY sebelum - jam 3 SORE (Gosend) jam 4 SORE (Grab): INSTAN sebelum - jam 5 SORE (Gosend) Jam 6 SORE (Grab): READY ANTER AJA SAMEDAY-sebelum jam 3 SORE!! NOTE:PENTING!!! ORDER MAKSIMAL 1JAM SBLMNYA!!! JNE/J&T DIKIRIM HARI YANG SAMA UNTUK PESANAN SEBELUM JAM 6 SORE(SENIN-MINGGU)",https://images.tokopedia.net/img/cache/500-square/VqbcmM/2021/9/10/c3b0daaf-c8e2-41a1-84ec-457227d838d6.jpg.webp?ect=4g,Rp2.218.000,4.9,ALFASTORE-
XIAOMI POCO X3 NFC 8/128GB GARANSI RESMI TERMURAH,"Xiaomi Poco X3 NFC Smartphone [8GB/ 128GB]Xiaomi POCO X3 NFC menggunakan prosesor Qualcomm Snapdragon 732G yang dipasangkan dengan RAM 8GB, fitur layar Full HD+ 6,67 inci dengan kecepatan refresh tinggi 120Hz dan lubang lubang untuk kamera selfie 20MP bersama dengan kamera quad 64MP.Spesifikasi:Network :GSM / HSPA / LTEDimensions :165.3 x 76.8 x 9.4 mm (6.51 x 3.02 x 0.37 in)Weight :215 g (7.58 oz)Build :Glass front (Gorilla Glass 5), aluminum frame, plastic backSIM :Hybrid Dual SIM (Nano-SIM, dual stand-by)IP53 splash-proofDisplay :IPS LCD, 120Hz, HDR10, 450 nits (typ)Size :6.67 inches, 107.4 cm2 (~84.6% screen-to-body ratio)Resolution :1080 x 2400 pixels, 20:9 ratio (~395 ppi density)Protection :Corning Gorilla Glass 5OS :Android 10, MIUI 12Chipset :Qualcomm SM7150-AC Snapdragon 732G (8 nm)CPU :Octa-core (2x2.3 GHz Kryo 470 Gold & 6x1.8 GHz Kryo 470 Silver)GPU :Adreno 618 Card slot :microSDXC (uses shared SIM slot)Camera :Rear Camera : Quad Camera 64MP + 13MP + 2MP + 2MP Front Camera : 20MPLoudspeaker :Yes, with stereo speakers3.5mm jack :Yes, 24-bit/192kHz audioWLAN :Wi-Fi 802.11 a/b/g/n/ac, dual-band, Wi-Fi Direct, hotspotBluetooth :5.1, A2DP, LEGPS :Yes, with A-GPS, GLONASS, BDSNFC :YesInfrared port :YesRadio :FM radio, recordingUSB :USB Type-C 2.0, USB On-The-GoSensors :Fingerprint (side-mounted), accelerometer, gyro, proximity, compassBattery :Li-Po 5160 mAh, non-removableCharging :Fast charging 33W, 62% in 30 min, 100% in 65 min (advertised)Colors :Cobalt Blue, Shadow Gray",https://images.tokopedia.net/img/cache/500-square/VqbcmM/2020/10/30/7b170e93-af90-4ddc-90d0-da5b4bc2438c.jpg.webp?ect=4g,Rp3.244.900,4.9,Hapemall.id
Advan G5 Elite Ram 3gb Rom 16gb Garansi Resmi,"HI selamat datang di toko kami :) Kami adalah salah satu Distributor khusus HP Bergaransi RESMI(kami ada TOKO OFFLINE) Barang dijamin ORIGINAL dan barang PASTI BARU semua produk berGARANSI RESMI dan IMEI TERDAFTAR *Untuk product (Oppo, Vivo,Realme) Kita unboxing untuk register e-warranty,barang dijamin new 100%,Kita hanya registerkan garansi. Pengiriman SETIAP HARI(SENIN-MINGGU) ORDER LANGSUNG DIPROSES SELAMA JAM AKTIF READY GOJEK/GRAB!!! SAMEDAY sebelum - jam 3 SORE (Gosend) jam 4 SORE (Grab): INSTAN sebelum - jam 5 SORE (Gosend) Jam 6 SORE (Grab): READY ANTER AJA SAMEDAY-sebelum jam 3 SORE!! NOTE:PENTING!!! ORDER MAKSIMAL 1JAM SBLMNYA!!! JNE/J&T DIKIRIM HARI YANG SAMA UNTUK PESANAN SEBELUM JAM 6 SORE(SENIN-MINGGU)",https://images.tokopedia.net/img/cache/500-square/VqbcmM/2021/6/17/b1aa05d1-6259-40a3-9147-7b7fb7eb278d.jpg.webp?ect=4g,Rp869.000,4.9,ALFASTORE-
XIAOMI REDMI 10 4/64 & 6/128 GARANSI RESMI XIAOMI INDONESIA,"ORDER MASUK LANGSUNG KIRIM BOSQ. PACKING GRATIS BUBLE PLUS DUS. LUAR PULAU BABLE DUS BUBLE. ASURANSI WAJIP BOSQ DEMI KENYAMANAN BERSAMA. CUMAN 8000 BOSQ DARI PADA BANDAR AMSIONG BOSQ GARANSI RESMI XIAOMI INDONESIA. GARANSI 15 BULAN DARI HP DI HIDUPKAN. HANYA MENJUAL YG BERGARANSI DAN BERSEGEL PABRIK 3 LAPIS. ADA APA APA LANGSUNG KE SERVIC CENTER XIAOMI TERDEKAT DI KOTA BOSQ. Penyimpanan & RAM 4+64GB, 6+128GB Penyimpanan memori dapat diperluas hingga 512GB Dimensi Tinggi: 161,95mm Lebar: 75,53mm Ketebalan: 8,92mm Berat: 181g Layar Layar AdaptiveSync 6,5"" Rasio refresh: 90Hz AdaptiveSync: 45/60/90Hz 2400 x 1080, 405 ppi Sunlight display Mode baca 3.0 Corning¬Æ Gorilla¬Æ Glass 3 Prosesor Helio G88 2 x Arm Cortex-A75 @ 2GHz 6 x Arm Cortex-A55 @ 1,8GHz Proses manufaktur 12nm GPU Arm Mali-G52 Baterai & Pengisian Daya Baterai 5.000mAh (typ) Pengisian daya cepat 18W Pengisian daya terbalik dengan kabel 9W Pengisi daya dengan dudukan pengisian daya 22,5W USB-C Kamera 50MP f/1,8 8MP kamera ultra-wide f/2,2 FOV 120¬∞ 2MP kamera makro f/2,4 2MP Sensor Depth f/2,4 Perekaman video kamera belakang 1080p | 1920x1080 pada kecepatan 30fps 720p | 1280x720 pada kecepatan 30fps Kamera depan 8MP kamera depan f/2,0 Perekaman video kamera depan 1080p | 1920x1080 pada kecepatan 30fps 720p | 1280x720 pada kecepatan 30fps Keamanan Sensor sidik jari di bagian samping AI Face Unlock Jaringan & Konektivitas SIM ganda + MicroSD khusus Penyimpanan dapat diperbesar hingga 512GB 2G: GSM: 850 900 1800 1900MHz 3G: WCDMA:1/2/4/5/8 4G: LTE FDD:1/2/3/4/5/7/8/20/28",https://images.tokopedia.net/img/cache/500-square/VqbcmM/2021/11/15/4cef7c76-ce58-42b3-a2cc-164440950456.jpg.webp?ect=4g,Rp2.099.000,4.9,TODOSTANLEY 7424
best z i p a z 1,,https://images.tokopedia.net/img/cache/500-square/VqbcmM/2021/11/24/a802dccc-0942-4935-92a4-d241bfa87e14.jpg.webp?ect=4g,Rp220.000,-,Yongki bray
iphone 11 64gb 128gb 256gb Second Fulset EX inter Kondisi Mulus,"(Baca Sampai Selesai) Selamat datang di Kino Phone Cell Dapatkan Cashback, Kode Voucer Bisa cek DiStory Highlight lG kinophonecell.id *Sinyal ALL Oprator GARANSI SINYAL ON SELAMANYA *Profesional Telah Berjualan Sejak Tahun 2008 & Online Shop Sejak 2015 *Kami Pasti Quality Check Sebelum Mengirimkan Pesanan >Pertanyaan yg Sering Ditanyakan : kinophonecell id 1. 3utools : HIJAU SEMUA 2. Region : LL/A Amerika,Ingris atau Australia (NO Japan) 3. Face ID/Fingger Scan: ON 4. TrueTone : ON 5. Battery Health : Kondisi 90%+ 6. Request BH 100% : BISA, Langsung Tanya Admin Caranya >Kondisi HP (ORI) - Produk Second Apple Asli - Garansi Ex Internasional - Fungsi NO MINUS Siap Pakai - Fisik Mulus Terawat 97%-99% - Battery Health Normal 90%+ - LCD ORI, Casing ORI - iCloud Aman - Sinyal Aman Garansi Selamanya >Kelengkapan Fulset (OEM) - Charger - Kabel - Dus Box + Imei Sesuai HP - Headset(Koneksi ‚ÄúBluetooth) Aksesoris OEM TIDAK GARANSI* Disarankan Beli yg ORI (Chat admin untuk Link Charger ORI) >Ketentuan GARANSI (1 Minggu) -Wajib Segel Garansi Utuh Tidak Rusak / Lepas -Jangan Terkena Air -Jangan Terjatuh : Retak , Pecah -Jangan Dibongkar / Service Sendiri -Tidak Lock iCloud (Log Out Sebelum Retur) -Ongkir Retur ditanggung Pembeli *Mohon Tidak Bad Review = Garansi Hangus. Mari saling mendukung transaksi & tidak saling merugikan. Retur Pasti diproses hingga selesai. *Bila Produk sudah sampai : Test Fungsi Keseluruhan Sebelum Selesaikan Transaksi *Jika Temukan Kendala Klik Sistem returnya pilihan Komplain / Pengembalian *Pastikan Lalukan Vidio Unboxing Tanpa jeda Sebagai bukti kekurangan isi pesanan Dapatkan Cashback, Kode Voucer Bisa cek DiStory Highlight kinophonecell. id . (lG) : kinophonecell id (Orange)xSHP: kinophonecell (Red)xBKL : kino phone cell (Green)xTPD : Kino Phone Cell Wellcome Dropshiper Dan Reseller ‚ÄúFollow‚Äù & DM untuk mendapat update Voucer Dan harga Terbaru Terimakasih Sudah mampir",https://images.tokopedia.net/img/cache/500-square/VqbcmM/2021/6/16/bec4d938-8dd5-40b7-981d-228516ed54e5.png.webp?ect=4g,Rp6.780.000,5,kino phone cell
Iphone 7 Second / Bekas 32 - 128 Original 100%,"DIBACA DAHULU YA GAN SEBELUM MEMBELI ^_^ stok warna silahkan chat Iphone Second/ Bekas Kondisi 9.1/ 9.7 Bh 95 Up Ex internasional LLA/XA/ZPA (kamera silent) Garansi Mesin 1 bulan Kelengkapan fullset dus,buku,kabel data,headset,charger. GARANSI MESIN 1 BULAN DI SERTAI FOTO UNBOXING!!! NB : - MOHON DIBACA TERLEBIH DAHULU SEBELUM MELAKUKAN TRANSAKSI - REVIEW / COMMENT NEGATIF PADA LAPAK GARANSI VOID / HANGUS !!! - ORDERAN JAM 10.00 - 22.00 MASUK PENGIRIMAN HARI INI. - JAM KERJA 10.00 - 22.00( SENIN- MINGGU) - PENGIRIMAN JNE- JNT- SICEPAT Unit No Rekondisi Semua cashing original 100% apple FU 100% (FACTORY UNLOCK) / BISA Semua Operator INDO Icloud aman 100% Imei dus dan mesin tembus Bebas Reset / Upgrade Garansi hanya berlaku jika tidak karna HUMAN ERROR (kena air,jatuh,segel dirusak)",https://images.tokopedia.net/img/cache/500-square/VqbcmM/2021/11/6/27aec410-545c-4f41-ba78-cdf7f168125e.jpg.webp?ect=4g,Rp1.900.000,5,NET Store168
Samsung Galaxy Note 9 Second Note9 Bekas Mulus Fullset Original,,https://images.tokopedia.net/img/cache/500-square/VqbcmM/2021/9/5/e0a8a7c1-9e45-4075-9982-194656ee0281.jpg.webp?ect=4g,Rp3.990.000,-,Anggun818shop
XIAOMI REDMI 9C 3/32 GB 4/64 GB GARANSI RESMI XIAOMI INDONESIA,"NETWORK Technology GSM / HSPA / LTE LAUNCH Announced 2020, June 30 Status Available. Released 2020, August 12 BODY Dimensions 164.9 x 77 x 9 mm (6.49 x 3.03 x 0.35 in) Weight 196 g (6.91 oz) SIM Dual SIM (Nano-SIM, dual stand-by) DISPLAY Type IPS LCD capacitive touchscreen, 16M colors Size 6.53 inches, 102.9 cm2 (~81.1% screen-to-body ratio) Resolution 720 x 1600 pixels, 20:9 ratio (~269 ppi density) 400 nits typ. brightness (advertised) PLATFORM OS Android 10, MIUI 12 Chipset MediaTek Helio G35 (12 nm) CPU Octa-core (4x2.3 GHz Cortex-A53 & 4x1.8 GHz Cortex-A53) GPU PowerVR GE8320 MEMORY Card slot microSDXC (dedicated slot) Internal 64GB 4GB RAM eMMC 5.1 MAIN CAMERA Triple 13 MP, f/2.2, 28mm (wide), PDAF 2 MP, f/2.4, (macro) 2 MP, f/2.4, (depth) Features LED flash, HDR Video 1080p@30fps SELFIE CAMERA Single 5 MP, f/2.2, (wide), 1.12¬µm Features HDR Video 1080p@30fps SOUND Loudspeaker Yes 3.5mm jack Yes COMMS WLAN Wi-Fi 802.11 b/g/n, Wi-Fi Direct, hotspot Bluetooth 5.0, A2DP, LE GPS Yes, with A-GPS, GLONASS, BDS Radio FM radio USB microUSB 2.0, USB On-The-Go FEATURES Sensors Fingerprint (rear-mounted), accelerometer, proximity BATTERY Type Li-Po 5000 mAh, non-removable Charging Charging 10W",https://images.tokopedia.net/img/cache/500-square/VqbcmM/2020/10/20/f993208c-7930-433c-a969-2aa32d846865.jpg.webp?ect=4g,Rp1.715.000,4.9,STR-STORE
"Realme C25 S 4/128 GB HelioG85, 6000mAh Mega Battery, 18W Quick Charge","Varian : - Water Grey (Tanpa Gift) - Water Blue (Tanpa Gift) - Ceria Black (Paket Lengkap+ Headset Oase) - Ceria Blue (Paket Lengkap + Headset Oase) Pilih Varian Ceria Dapat Paket Lengkap : 1. Headset oase (Top Quality) 2. Softcase (Top Quality in box) 3. Perdana Smartfren 4. Cable Protector 5. Iring 6. Penjepit Kabel 7. Gurita Garansi Resmi Realme Indonesia 1 tahun. Garansi tukar unit 3x24 jam Garansi kerusakan dan ganti unit baru 7x24 jam sejak barang diterima IMEI terdaftar di KOMINFO Helio G85 Gaming Processor 48MP AI Triple Camera 6000mAh Mega Battery 18W Quick Charge Real Quality Instant Fingerprint Sensor 8MP Selfie Camera 16.5cm (6.5"") Large Display Geometric Art Design Super Power Saving Mode 3-Card Slot T√úV Rheinland Smartphone High Reliability Certification",https://images.tokopedia.net/img/cache/500-square/VqbcmM/2021/7/29/00fdd36e-12d2-44e5-888a-64bdbf97011a.png.webp?ect=4g,Rp2.399.000,4.9,Ceria Ponsel Official
Infinix Hot 10s 6GB+128GB Garansi Resmi 1 Tahun,"Infinix Hot 10s 6GB+128GB Garansi Resmi 1 Tahun Penting - Imei Terdaftar Di kemenprin - Garansi Resmi Infinix Kelengkapan - Handphone - Kabel Usb - Charger - Case Spec lengkap LAUNCH Announced 2021, April 21 Status Coming soon. Exp. release 2021, May 12 BODY Dimensions 171.5 x 77.5 x 9.2 mm (6.75 x 3.05 x 0.36 in) Weight - Build Glass front, plastic back, plastic frame SIM Dual SIM (Nano-SIM, dual stand-by) DISPLAY Type IPS LCD, 90Hz Size 6.82 inches, 110.5 cm2 (~83.1% screen-to-body ratio) Resolution 720 x 1640 pixels (~263 ppi density) PLATFORM OS Android 11, XOS 7.6 Chipset MediaTek Helio G85 (12nm) CPU Octa-core (2x2.0 GHz Cortex-A75 & 6x1.8 GHz Cortex-A55) GPU Mali-G52 MC2 MEMORY Card slot microSDXC (dedicated slot) Internal 64GB 4GB RAM, 64GB 6GB RAM, 128GB 4GB RAM, 128GB 6GB RAM eMMC 5.1 MAIN CAMERA Triple 48 MP, f/1.8, (wide), 1/2.0, 0.8¬µm, PDAF 2 MP, f/2.4, (depth) Third, unknown camera Features Quad-LED flash, HDR, panorama Video 1080p@30fps SELFIE CAMERA Single 8 MP, (wide) Features Dual-LED flash Video 1080p@30fps SOUND Loudspeaker Yes 3.5mm jack Yes COMMS WLAN Wi-Fi 802.11 a/b/g/n/ac, dual-band, Wi-Fi Direct, hotspot Bluetooth 5.0, A2DP, LE GPS Yes, with A-GPS NFC No Radio FM radio USB microUSB 2.0, USB On-The-Go FEATURES Sensors Fingerprint (rear-mounted), accelerometer, proximity BATTERY Type Li-Po 6000 mAh, non-removable Happy Shopping Guys",https://images.tokopedia.net/img/cache/500-square/VqbcmM/2021/7/26/7db37fd7-bde8-47e6-8d9d-4b5b2c13876b.jpg.webp?ect=4g,Rp2.008.000,4.9,36shop
Samsung Galaxy A72 8/128 GB Garansi Resmi,"Ready Stock *23 November 2021 SIM Single SIM (Nano-SIM) or Hybrid Dual SIM (Nano-SIM, dual stand-by) DISPLAY Type Super AMOLED, 90Hz, 800 nits (peak) Size 6.7 inches, 108.4 cm2 (~84.9% screen-to-body ratio) PLATFORM OS Android 11, One UI 3.1 Chipset Qualcomm SM7125 Snapdragon 720G (8 nm) CPU Octa-core (2x2.3 GHz Kryo 465 Gold & 6x1.8 GHz Kryo 465 Silver) GPU Adreno 618 Internal 128GB 6GB RAM, 256GB 8GB RAM MAIN CAMERA Quad 64 MP, 8 MP, 12 MP, 5 MP, SELFIE CAMERA Single 32 MP, BATTERY Type Li-Ion 5000 mAh, non-removable",https://images.tokopedia.net/img/cache/500-square/VqbcmM/2021/6/21/b8be7ea9-9875-45c5-85a9-88ab057c7be9.jpg.webp?ect=4g,Rp5.395.000,4.9,Gudang-HP
Samsung Galaxy A32 8/128 RAM 8GB ROM 128GB GARANSI RESMI SEIN,"Garansi Resmi 1 Tahun Samsung Indonesia 100% Original Baru dan Segel Imei Terdaftar Resmi di Kemenperin NETWORK Technology GSM / HSPA / LTE BODY Dimensions 158.9 x 73.6 x 8.4 mm (6.26 x 2.90 x 0.33 in) Weight 184 g (6.49 oz) Build Glass front, plastic frame, plastic back SIM Single SIM (Nano-SIM) or Dual SIM (Nano-SIM, dual stand-by) DISPLAY Type Super AMOLED, 90Hz, 800 nits Size 6.4 inches, 98.9 cm2 (~84.6% screen-to-body ratio) Resolution 1080 x 2400 pixels, 20:9 ratio (~411 ppi density) PLATFORM OS Android 11, One UI 3.1 Chipset Mediatek Helio G80 (12 nm) CPU Octa-core (2x2.0 GHz Cortex-A75 & 6x1.8 GHz Cortex-A55) GPU Mali-G52 MC2 MEMORY Card slot microSDXC (dedicated slot) Internal, 128GB 8GB RAM MAIN CAMERA Quad 64 MP, f/1.8, 26mm (wide), PDAF 8 MP, f/2.2, 123Àö, (ultrawide), 1/4.0"", 1.12¬µm 5 MP, f/2.4, (macro) 5 MP, f/2.4, (depth) Features LED flash, panorama, HDR Video 1080p@30fps SELFIE CAMERA Single 20 MP, f/2.2, (wide) Video 1080p@30fps SOUND Loudspeaker Yes 3.5mm jack Yes COMMS WLAN Wi-Fi 802.11 a/b/g/n/ac, dual-band, Wi-Fi Direct, hotspot Bluetooth 5.0, A2DP, LE GPS Yes, with A-GPS, GLONASS, BDS, GALILEO NFC Yes (market/region dependent) Radio FM radio, RDS, recording USB USB Type-C 2.0, USB On-The-Go FEATURES Sensors Fingerprint (under display, optical), accelerometer, gyro, proximity, compass BATTERY Type Li-Ion 5000 mAh, non-removable Charging Fast charging 15W",https://images.tokopedia.net/img/cache/500-square/VqbcmM/2021/4/12/a1709fb1-22b1-4dd5-aa17-9b937df29387.jpg.webp?ect=4g,Rp3.758.000,5,Altec Cellular
APPLE IPHONE 7 PLUS 32GB SEGEL GARANSI 1 TAHUN ALL OPERATOR,"Apple Iphone 7 Plus Smartphone [32 GB], hadir dengan iOS 14.1.1, upgradable to iOS 13.3 operating system dan Apple A10 Fusion (16 nm) chipset. Fitur Produk : Sensors Fingerprint (front-mounted), accelerometer, gyro, proximity, compass, barometer, Siri natural language commands and dictation IP67 dust/water resistant (up to 1m for 30 mins) Apple Pay (Visa, MasterCard, AMEX certified) Spesifikasi : Network Technology : GSM / HSPA / LTE Launch Announced : 2017, September Body Dimensions : 158.2 x 77.9 x 7.3 mm (6.23 x 3.07 x 0.29 in) Weight : 188 g (6.63 oz) Build : Glass front (Gorilla Glass), aluminum back, aluminum frame SIM : Nano-SIM Display : Retina IPS LCD capacitive touchscreen, 16M colors Size : 5.5 inches, 83.4 cm2 (~67.7% screen-to-body ratio) Resolution : 1080 x 1920 pixels, 16:9 ratio (~401 ppi density) Protection : Ion-strengthened glass, oleophobic coating Platform : OS iOS 11.1.1, upgradable to iOS 13.3 Chipset : Apple A10 Fusion (16 nm) CPU : Quad-core 2.34 GHz (2x Hurricane + 2x Zephyr) GPU : PowerVR Series7XT Plus (six-core graphics) Memory : Card slot - No Internal : 32GB & 128GB & 256GB RAM : 2GB Main Camera : Dual 12 MP, f/1.8, 28mm (wide), 1/3"", 1.22√É¬Ç√Ç¬µm, dual pixel PDAF, OIS, 12 MP, f/2.4, 52mm (telephoto), 1/3.4"", 1.0√É¬Ç√Ç¬µm, PDAF, OIS, 2x optical zoom, Features Quad-LED dual-tone flash, HDR (photo/panorama), panorama, HDR Video : 2160p@24/30/60fps, 1080p@30/60/120/240fps Selfie Camera : 7 MP, f/2.2, 32mm (standard),SL 3D camera, Features HDR Video : 1080p@30fps Sound : Loudspeaker Yes, with stereo speakers, 3.5mm jack No COMMS WLAN : Wi-Fi 802.11 a/b/g/n/ac, dual-band, hotspot Bluetooth : 4.2, A2DP, LE GPS : Yes, with A-GPS, GLONASS, GALILEO, QZSS NFC : Yes Radio : No USB : 2.0, proprietary reversible connector Battery: Non-removable Li-Ion 2900 mAh battery (11.1 Wh)",https://images.tokopedia.net/img/cache/500-square/VqbcmM/2021/3/15/807cde64-2f1c-4d34-b5ea-131775ed9d80.jpg.webp?ect=4g,Rp3.499.000,5,YJB IPHONE STORE
"New iPhone 13 Pro 256 / 512 / 1TB Graphite, Gold, Silver, Sierra Blue - SILVER, 128GB","GARANSI RESMI APPLE SESUAI IKLAN SESUAI DESKRIPSI FREE TEMPERED GLASS & SOFTCASE selama persediaan masih ada NB : Kami tidak punya toko, toko fisik kami hanya untuk bantuan klaim Alamat : ITC FATMAWATI Lt.Dasar Tentang kami : https://www.tokopedia.com/tokohapedia/review PRODUK : 1.BARANG BARU BNIB.. ?? SEMUA BARANG KAMI BARU DAN SEGEL, dikarenakan kami juga tidak menjual second. 2.BARANG ASLI..?? Semua produk kami asli, bergaransi resmi internasional. 3. 7 HARI GARANSI SELLER, 1 TAHUN RESMI APPLE INTERNASIONAL , bisa klaim smua negara termasuk indo, slain ibox (dikarenakan ibox hanya terima klaim yg beli ditempatnya saja) ada qcd istore mitracare dll, atau titip klaim lewat seller free. alamat ada diinvoice nantinya. PENGIRIMAN : 1.PENGIRIMAN DIHARI YG SAMA PADA SAAT ORDER MASUK, max order jam 4 sore diatas itu dikirim esok hari, dan jika urgent diatas jam itu, harap transaksi sbelum jam itu, pengiriman bisa dijanjikan sbelumnya agak bisa dikirim diatas jam 4 sore 2.APAKAH PACKING AMAN?? Untuk packing kami sudah menggunakan bubble wrap yg sangat tebal seperti bantal. JIKA INGIN PACKING KAYU Silakan tambahkan pada pembelian anda untuk packing kayu. 3.JAKARTA - Pilih GOJEK diganti KURIR KAMI, Dikarenakan rawan kehilangan (Mekanisme bisa tanya langsung) 4.DROPSHIP..?? Kami pastikan aman terkirim tanpa embel2 toko kami, Tanpa NOTA TOKOHAPEDIA : 1.RESELLER Harga Khusus (Next Order) 2.Pembelian disertai nota invoice untuk memudahkan proses klaim garansi",https://images.tokopedia.net/img/cache/500-square/VqbcmM/2021/9/15/e30834a7-ed5d-48dd-91d3-a87da2e3e2b0.jpg.webp?ect=4g,Rp17.999.000,4.9,tokohapedia
iPhone 7 Plus 32GB/128GB ORi 100% second fullset asli Garansi 1 tahun,"-„Äêhanya menerima komplen yang disertai video bukti pembukaan paket„Äë -„Äêuntuk pertanyaan lebih lanjut silahkan hubungi penjual„Äë Jaringan aman 100% fulset all item Semua produk iPhone adalah satu set lengkap Bisa pakai semua kartu / all provider Selamat datang di Kino Phone Cell Sinyal Bisa All Oprator 4G LTE Garansi Sinyal Selamanya Tidak akan terblokir karena peraturan blokir hanya untuk HP Tipe Keluaran Baru *Menyediakan HP Second Original Bergaransi dgn harga dan kualitas terbaik *Tingkat Kepuasan & Reputasi Toko di atas Rata ‚Äì Rata Seller lainya Ready Selama iklan Aktif (Warna dan Kapasitas Memory Sesuaikan pada Judul dan Variant) *** BACA INI SEBELUM MEMBELI **** - Fungsional Normal Beserta fitur nya Tidak Minus - Mulus 90%-100% (like New) - Batre Healt Sehat dan Normal 95%++ 100% - 3Utools ijo - LCD dan Casing original pabrik - 100% BISA SIM Operator ALL PROVIDER - Icloud Aman , Bebas Reset & Update - Imei BOX dan mesin COCOK 100% - Garansi HP 7 Hari Sejak Diterima - Kondisi Second Tidak Sama Setiap Saat tp dikirim yg terbaik - Kelengkapan Aksesoris OEM Artinya Bukan Original Bawaan Pabrik - (Dus Box + Imei , Kabel + Adaptor Charger , Headset) - Headset Iphone Koneksi ‚ÄúBluetooth Pairing Kami Tentu Akan Quality Check Sebelum Mengirimkan Pesanan",https://images.tokopedia.net/img/cache/500-square/VqbcmM/2021/8/25/304fb303-334f-4dab-bcad-6c69c2382b07.jpg.webp?ect=4g,Rp3.030.000,4.8,Life Technology
"Apple iPhone XR 64gb\128gb MULUS 99% Fullset 3Utools ijo like new - Orange, 64 gb","-„Äêhanya menerima komplen yang disertai video bukti pembukaan paket„Äë -„Äêuntuk pertanyaan lebih lanjut silahkan hubungi penjual„Äë jaringan aman 100% fulset all item Semua produk iPhone adalah satu set lengkap Bisa pakai semua kartu / all provider Selamat datang di Kino Phone Cell Sinyal Bisa All Oprator 4G LTE Garansi Sinyal Selamanya Tidak akan terblokir karena peraturan blokir hanya untuk HP Tipe Keluaran Baru *Menyediakan HP Second Original Bergaransi dgn harga dan kualitas terbaik *Tingkat Kepuasan & Reputasi Toko di atas Rata ‚Äì Rata Seller lainya Ready Selama iklan Aktif (Warna dan Kapasitas Memory Sesuaikan pada Judul dan Variant) *** BACA INI SEBELUM MEMBELI **** - Fungsional Normal Beserta fitur nya Tidak Minus - Mulus 95%-100% (like New) - Batre Healt Sehat dan Normal 98%++ 100% - 3Utools ijo - LCD dan Casing original pabrik - 100% BISA SIM Operator ALL PROVIDER - Icloud Aman , Bebas Reset & Update - Imei BOX dan mesin COCOK 100% - Garansi HP 7 Hari Sejak Diterima - Kondisi Second Tidak Sama Setiap Saat tp dikirim yg terbaik - Kelengkapan Aksesoris OEM Artinya Bukan Original Bawaan Pabrik - (Dus Box + Imei , Kabel + Adaptor Charger , Headset) - Headset Iphone Koneksi ‚ÄúBluetooth Pairing Kami Tentu Akan Quality Check Sebelum Mengirimkan Pesanan Spesifikasi iPhone XR di Indonesia Rilis: September, 2018 Chipset: Apple A12 Bionic RAM: 3GB Memori internal: 64GB/128GB/256GB Ukuran HP: 150.9 x 75.7 x 8,3 mm Berat HP: 194 gram Waterproof: IP67 dust/water resistant (up to 1m for 30 mins) Ukuran layar: 6.1 inci, 828 x 1792 pixels Kamera depan: Dual camera, 7MP dan Sl 3D Kamera belakang: 12MP Baterai: Non-removable Li-Ion 2942 mAh Kamera Depan 7MP dengan True Depth Ada 2 keunggulan utama pada kamera iPhone XR. Meski memiliki resolusi yang sama dengan generasi pendahulunya, XR memiliki kemampuan lebih dengan disertakannya teknologi TrueDepth. Resolusi sebesar 7 megapiksel tidak membuat kualitas foto iPhone satu ini biasa-biasa saja. Berkat teknologi True Depth",https://images.tokopedia.net/img/cache/500-square/VqbcmM/2021/9/29/8514c3c4-ae23-48b2-be1d-3caef39a67cb.jpg.webp?ect=4g,Rp4.850.000,4.9,Life Technology
APPLE IPHONE 7 128GB ROSEGOLD GARANSI DISTRIBUTOR 1 TAHUN,"Ready 4 Warna: Black Matte, Rose Gold, Gold, Silver Deskripsi: Ready Stok iPhone 7 32GB/128 DAN 256GB ALL OPERATOR bekas FULLSET GARANSI TOKO 1 TAHUN BISA Semua Operator INDO iCloud AMAN ! - ALL UNIT Fullset Komplit (Kotak - Charger - Kabeldata - handfree- buku- simejector) (ACC OEM , TIDAK ADA GARANSI UNTUK ACC) Kami menjamin setiap transaksi anda dengan : GARANSI -Setiap produk yang anda beli bergaransi toko 1 Tahun yang dapat di claim dan TUKAR BARU bila produk yang anda terima cacat produksi setelah baru buka dengan syarat (Sertakan Video Unboxing ketika buka paketnya). Jika tidak, tidak terdapat ganti rugi produk yang kurang, rusak/cacat! Penjual tidak akan menanggung atas kerusakan tersebut! - Setiap hp kita kirimkan ada 2 label pada bautnya menandakan garansi kami, jika label baut sudah tidak ada, maka garansi tidak diterima, dan hpnya jangan diservice sendiri jika terjadi kerusakan - Jika saat penilaian terdapat ranting dibawah 4 /atau merusak performa toko kita, maka garansinya dibatalkan! Kami menjamin setiap produk sebelum dikirim akan dicek terlebih dahulu! Jadi tidak akan ada produk yang cacat/rusak! Packingnya Bubblewrap+Dus!„ÄÄJadi terdapat barang rusak telah diperbolehkan return, mohon dipacking seperti itu juga bubble+dus!",https://images.tokopedia.net/img/cache/500-square/VqbcmM/2021/2/22/21213df6-c5a5-41a6-9966-5f7805f04dac.jpg.webp?ect=4g,Rp2.500.000,4.9,ELEPHONE
Xiaomi POCO M3 Poco M3 poco m3 6/128 6GB 128GB GARANSI RESMI,"READY STOCK...READY STOCK....DIJAMIN STOCK TERSEDIA SETIAP HARI ADA PROMO - BEST PRICE - STOCK TERBATAS KONDISI DAN SPESIFIKASI SAMA DENGAN NON PROMO * Garansi Resmi TAM INDONESIA / XIAOMI * Barang BNIB ( Brand New In Box ) NEW ORIGINAL DAN SEGEL * NO REPACK PESANAN HINGGA PUKUL 16.00 LANGSUNG DI PROSES DAN DIPICKUP KURIR DI HARI YANG SAMA !!!!! LANGSUNG ORDER SAJA, BARANG PASTI READY Jangan ragu, Kalau produk masih tayang brarti Stock masih tersedia. Kami menjaga supaya STOCK SELALU TERSEDIA, dan Mengutamakan KECEPATAN PROSES. VARIANT PROMO - STOCK TERBATAS TIDAK ADA BEDA DENGAN YANG BUKAN PROMO SELAMA TAYANG BERARTI MASIH ADA.. SILAKAN ORDER, TIDAK USAH TANYA - PASTI DIKIRM Disarankan Pilih Kurir Sicepat, Anter Aja, Grab dan Gosend karena lokasi dekat dengan lokasi Toko Tersedia Warna Kuning, Hitam dan Biru READY STOCK SELAMA MASIH TAYANG !!!!!! POCO M3 6/128 GB - Jadwal Pengiriman : Gosend / Grab : Senin - Minggu 08.00 WIB s/d 17.00 WIB SICEPAT / Anter Aja: Senin - Minggu 07.00 WIB s/d 18.00 WIB Deskripsi Produk: Silakan search di google ""POCO M3""",https://images.tokopedia.net/img/cache/500-square/VqbcmM/2021/4/29/27f31b6e-0d12-4e63-bb68-090b30528025.jpg.webp?ect=4g,Rp2.230.000,5,Harapan Mandiri 100
Xiaomi Redmi 2 1/8GB 2/16GB,"XIAOMI REDMI2 4G BISA BAHASA INDONESIA Kondisi barang masih baru Layar 4,7 inchi RAM 1 GB Internal 8 GB RAM 2 GB Internal 16 GB Prosesor Qualcomm Snapdragon 410 support 64 bit Kamera belakang 8 MP Kamera depan 2 MP Sound Loudspeaker Yes 3.5mm jack Yes - Active noise cancellation with dedicated mic Comms WLAN Wi-Fi 802.11 b/g/n, Wi-Fi Direct, hotspot Bluetooth 4.0, A2DP, LE GPS Yes, with A-GPS, GLONASS, BDS Radio Stereo FM radio USB microUSB 2.0, USB Host Features Sensors Accelerometer, gyro, proximity, compass Battery Removable Li-Po 2200 mAh battery Charging Fast battery charging 10W: 30% in 30 min (Quick Charge 1) Misc Colors Black, White, Yellow, Pink, Green Price About 130 EUR Tests Performance Basemark OS II: 509 / Basemark OS II 2.0: 511 Display Contrast ratio: 974:1 (nominal), 1.763 (sunlight) Camera Photo / Video Loudspeaker Voice 70dB / Noise 70dB / Ring 77dB Audio quality Noise -94.8dB / Crosstalk -95.8dB Battery life Endurance rating 55h Jika garansi sudah habis lalu ada kerusakan bisa kami bantu jadi jangan takut untuk beli disini :) Kesenangan customer prioritas kami Anda sopan kami segan Kondisi : - Imei dus dan mesin cocok / tembus - FU (Bisa Pakei Semua Kartu GSM Indonesia dan Mancanegara) - Wrap Plastik Garansi tidak berlaku (void) jika ditemukan HUMAN ERROR, seperti: 1. Terkena cairan 2. Segel Rusak/Hilang 3. Unit lecet/bekas jatuh 4. Dll human error Ketentuan Return: 1. Garansi mesin di berikan selama 1 bulan dari tanggal beli 2. Aksesoris tidak ada garansi. 3. Barang yang di return harus dalam keadaan seperti baru, tidak lecet, dan lengkap dengan SEGEL. 4. Returan semua diganti barang baru dengan jika dilihat dari kerusakan yang dialami 5. Refund dana tidak diperbolehkan 6. Jika Terjadi kerusakan ongkir pp full ditanggung buyer/ pembeli 7. Claim Garansi tidak akan di bantu jika memberikan ulasan/feedback negatif.",https://images.tokopedia.net/img/cache/500-square/VqbcmM/2021/3/23/2394aa4b-547c-4ac2-bb71-0e5c19d2e0d3.jpg.webp?ect=4g,Rp375.000,4.7,hp360
Maxtron S11s 4/32 GB Garansi Resmi,"Stok Ready Blue Purple, Grey, Pink *10 November 2021 Spesifikasi : - LAYAR : 6,26"" WATERDROP - ANDROID ver. 8.1 - RAM 4GB - ROM 32GB - EXTERNAL MEMORY Micro SD up to 128GB - PROCESSOR : Quad Core 1.3GHz - JARINGAN 4G - DUAL SIM GSM ON - CAMERA : 1 Camera Belakang 8MP, 1 Camera Depan 5MP - BATT 3200mAh",https://images.tokopedia.net/img/cache/500-square/VqbcmM/2021/1/7/93a76f2f-119c-4bfc-a5fd-578f4dccfd35.jpg.webp?ect=4g,Rp861.000,4.8,Gudang-HP
"(IBOX) iPhone 11 64GB 128GB 256GB Garansi Resmi TAM 1 Tahun 64 128 256","ORDER iPhone 13 disini https://www.tokopedia.com/putragroup/etalase/iphone-13-series PASTI READY - ORIGINAL - BRAND NEW Iphone 11 Layar : 6.1 inch Memori : 64 GB - 128 GB - 256 GB Warna : Black - White - Green - Purple- Yellow - Red - Garansi Resmi Apple Indonesia 1 Tahun - Imei Terdaftar di Kemenperin - BNIB (Brand New In Box) - Segel Greenpeel - Di Dalam box: Unit iPhone + USB-C to Lightning Cable ( new packing ) Baca ulasan2 pembeli lain nya biar kalian yakin belanja disini : https://www.tokopedia.com/putragroup/review Sekilas info Putra Group : 1. Positif review 99 % dr 100 % kepuasan customer 2. Sudah melayani 15,000 ++ customer secara online 3. Garansi Resmi Apple 1 Tahun 4. Brand new - Original - Segel 5. After sales yg siap melayani anda selama 24 jam Premium Tempered Glass: https://www.tokopedia.com/putragroup/premium-tempered-glass-for-iphone-xr-iphone-11-iphone-12-6-1 Apple Airtag https://www.tokopedia.com/putragroup/resmi-apple-airtag-airtags-air-tag-air-tags-garansi-resmi-apple-1-pack Apple AirTag Loop / Leather Loop https://www.tokopedia.com/putragroup/apple-airtag-loop-leather-loop-air-tag-air-tags-airtags-original-with-airtag-tanpa-casing Apple AirTag Leather Key Ring https://www.tokopedia.com/putragroup/apple-airtag-leather-key-ring-air-tag-air-tags-airtags-blue-brown-red-with-airtag-tanpa-casing Apple 20W USB Fast Charger- C Power Adapter https://www.tokopedia.com/putragroup/original-apple-20w-20-w-fast-charging-usb-c-power-adapter-segel MagSafe Wireless Charger https://www.tokopedia.com/putragroup/apple-magsafe-charger-20w-wireless-charging-mag-safe-for-iphone-12 Airpod Pro https://www.tokopedia.com/putragroup/resmi-apple-airpods-pro-airpod-air-pods-wireless-mwp22-ibox-segel-garansi-inter **Catatan Garansi Resmi** TIDAK ADA Garansi Toko, segala bentuk kerusakan saat produk diterima langsung claim ke service center. Membeli = Setuju",https://images.tokopedia.net/img/cache/500-square/VqbcmM/2021/6/13/9e0387c4-689a-4494-a490-b2f9ae57d5d5.jpg.webp?ect=4g,Rp10.490.000,5,Putra Group
Samsung Galaxy A32 8/128 Garansi Resmi Indonesia RAM 8GB 128GB SEIN,"100% Original 100% Garansi Resmi Samsung Indonesia 100% Imei Resmi Terdaftar Jaminan dana kembali utuh jika bukan original Pilih sesuai varian 8GB + 128GB 6GB + 128GB Prosesor CPU Speed2GHz, 1.8GHz CPU TypeOcta-Core Display Size (Main_Display)162.1mm (6.4; full rectangle) / 158.7mm (6.4 rounded corners) Resolusi (Main Display)1080 x 2400 (FHD+) Teknologi (Main Display)Super AMOLED Kedalaman Warna (Main Display)16M Kamera Rear Camera - Resolution (Multiple)64.0 MP + 8.0 MP + 5.0 MP + 5.0 MP Rear Camera - F Number (Multiple)F1.8 , F2.2 , F2.4 , F2.4 Main Camera - Auto FocusYes Rear Camera - OISNo Rear Camera ZoomDigital Zoom up to 10x Front Camera - Resolution20.0 MP Front Camera - F NumberF2.2 Front Camera - Auto FocusNo Front Camera - OISNo Main Camera - FlashYes Front Camera - FlashNo Resolusi Rekaman VideoFHD (1920 x 1080) @30fps Slow Motion120fps @HD Memori RAM Size (GB)8/6 ROM Size (GB)128 Available Memory (GB)*103.2 Dukungan Memori EksternalMicroSD (Up to 1TB) Jaringan JUMLAH SIMDual-SIM SIM sizeNano-SIM (4FF) SIM Slot TypeSIM + SIM 2 + MicroSD Infra2G GSM, 3G WCDMA, 4G LTE FDD, 4G LTE TDD 2G GSMGSM850, GSM900, DCS1800, PCS1900 3G UMTSB1(2100), B2(1900), B5(850), B8(900) 4G FDD LTEB1(2100), B2(1900), B3(1800), B5(850), B7(2600), B8(900), B20(800), B28(700) 4G TDD LTEB38(2600), B40(2300), B41(2500) Konektivitas USB InterfaceUSB Type-C Versi USBUSB 2.0 Teknologi LokasiGPS, Glonass, Beidou, Galileo Earjack3.5mm Stereo MHLTidak Wi-Fi802.11 a/b/g/n/ac 2.4+5GHz Wi-Fi DirectYa Versi BluetoothBluetooth v5.0 NFCYes PC Sync.Smart Switch (PC version) Sistem Operasi Android Informasi Umum WarnaAwesome Violet Form FactorTouch Bar Sensors Accelerometer, Fingerprint Sensor, Gyro Sensor, Geomagnetic Sensor, Hall Sensor, RGB Light Sensor, Virtual Proximity Sensing Spesifikasi Fisik Dimension (HxWxD, mm)158.9 x 73.6 x 8.4 Weight (g)184 Baterai 5000 mAh",https://images.tokopedia.net/img/cache/500-square/VqbcmM/2021/4/14/d299a2a8-c21e-4b10-91ca-4bbb18157c8a.jpg.webp?ect=4g,Rp3.499.000,5,Laku8pedia
Realme 8 8/128GB NFC Garansi Resmi,SPESIFIKASI : 6.43‚Äù Super AMOLED Full Screen RAM 8GB + ROM 128GB Helio G95 Gaming Processor 30W+ Benchmark (AnTutu) 2.0GHz Octa-core Process: 12nm CPU: Cortex-A76 2.0GHz *2 + Cortex-A55 2.0GHz *6 GPU: ARM G76 64MP AI Quad Camera 64MP Primary Camera 8MP Wide-angle Camera 2MP Macro Camera 2MP Mono Camera Infinite Bold Design Future Digital Design Split Design & Splicing Process Super Slim & Light 30W Dart Charge 3 mins Dart Charge Standby 67 hrs Spotify 7-hour (with earphone) Call 3-hour whatsapp 95mins 5000mAh Massive Battery Super Power Saving Other Power Saving Functiom Reverse charge 16MP In-display Selfie realme UI 2.0 Latest Andriod 11 Ultra-fast In-display Fingerprint Hi-Res Audio Certification,https://images.tokopedia.net/img/cache/500-square/VqbcmM/2021/4/13/e647a8a3-b49a-4384-9374-8c8ec9ddcad1.png.webp?ect=4g,Rp3.250.000,4.9,Best Phone Cell
IPHONE 8 SECOND,"SELAMAT DATANG DI Sun MOBILE Harap Menanyakan Stok Terlebih dahulu Unit batangan, jika fullset bisa tambah kotak dus dipemesanan BACA DESKRIPSI SEBELUM MEMBELI * Kondisi Mulus 90-95% * LCD ORIGINAL * Dapat diakses SEMUA PROVIDER (Pakai Kartu Jaringan Apa saja) * Dapat menggunakan iCloud (Hanya perlu Login Apple ID) * Battery Health tidak bisa request karena stok kami banyak dan BH random tapi dapat dipastikan Battery Health 85% ke atas * Bebas direset * Skor 3utool hijau semua *Sebelum dikirim kami akan melakukan QC (Quality check ) untuk mengurangi resiko retur GARANSI TOKO 1 MINGGU Garansi tidak berlaku (*void*) jika : * Terkena cairan * Segel Rusak/Hilang * Unit bekas jatuh (human error) * Barang yang dikirim harus dalam keadaan fisik bagus seperti yang diterima * Ongkos kirim & Retur ditanggung pembeli * Dll yang disebabkan Kelalaian Pengguna",https://images.tokopedia.net/img/cache/500-square/VqbcmM/2020/12/10/6d743c43-33d9-4286-8132-180542526a57.jpg.webp?ect=4g,Rp2.800.000,4.9,sun mobile
Xiaomi Redmi 9T 4/64 RAM 4 ROM 64 GARANSI RESMI XIAOMI,,https://images.tokopedia.net/img/cache/500-square/VqbcmM/2021/8/13/036a02c2-c9f9-4d97-bcef-f4385922af56.jpg.webp?ect=4g,Rp2.082.000,5,TnM
Samsung A32 6/128Gb Garansi Resmi Sein,"Hi selamat datang di toko kami Kami hanya menjual Gadget Bergaransi Resmi 100% original dan barang PASTI BARU semua produk bergaransi dan IMEI di jamin aman. PENGIRIMAN 100% SAMPAI DENGAN SELAMAT Garansi resmi bisa di claim di seluruh service center di indonesia : Samsung ( SEIN ) Xiaomi (TAM) INFINIX Order masuk jam 00 -15:00 di proses di hari yang sama ( PASTIKAN TANYAKAN VARIAN WARNA SEBELUM MEMBELI ) TIDAK TULIS WARNA atau KONFIRMASI CHAT KITA KIRIM RANDOM GARANSI PRODUK DI TERIMA BERMASALAH DALAM 1X24JAM DI GANTI BARU DENGAN SYARAT : MEMBUAT VIDEO UNBOXING KERUSAKAN BUKAN DI SEBABKAN HUMAN EROR Tidak membuat video unboxing kita tidak bantu , karena banyak penipuan ! kerusakan akibat jasa kirim silahkan komplain ke jasa kirim atau klaim asuransi agar di ganti baru.",https://images.tokopedia.net/img/cache/500-square/VqbcmM/2021/7/21/579ee53e-c96f-407c-b959-56e7c46d1ee3.jpg.webp?ect=4g,Rp30.000,4.8,Mgadget co
Infinix Note 10 Pro NFC Ram 8/128 GB Garansi Resmi,"READY STOK GARANSI RESMI 100% ORIGINAL NOREPACK SIAP KIRIM PASTI KIRIM NETWORK Technology GSM / HSPA / LTE 2G bands GSM 850 / 900 / 1800 / 1900 - SIM 1 & SIM 2 3G bands HSDPA 850 / 900 / 1700(AWS) / 1900 / 2100 HSDPA 850 / 900 / 2100 4G bands 1, 2, 3, 4, 5, 7, 8, 20, 28, 38, 41, 40, 66 1, 3, 5, 8, 38, 40, 41 1, 3, 7, 8, 20, 28 Speed HSPA 42.2/5.76 Mbps, LTE BODY Dimensions 172.8 x 78.3 x 7.8 mm (6.80 x 3.08 x 0.31 in) Weight - SIM Dual SIM (Nano-SIM, dual stand-by) DISPLAY Type IPS LCD, 90Hz Size 6.95 inches, 114.7 cm2 (~84.8% screen-to-body ratio) RESOLUTIONFHD+1080*2460 MATERIAL :LCD PLATFORM OS Android 11, XOS 7.6 Chipset Mediatek Helio G95 (12 nm) Super Fluid Display FHD+ 6,95"" 90Hz Prosesor Game Unggul dari MediaTek Helio G95 MEMORY Card slot microSDXC (dedicated slot) EXTRERNAL MEMORYUP TO 2T RAM:8GB INTERNAL:128GB MAIN CAMERA Quad 64 MP, (wide), 1/1.72"", 0.8¬µm, PDAF 8 MP, 120Àö (ultrawide) 2 MP, f/2.4, (depth) 2 MP, f/2.4, (monochrome) Features Quad-LED flash, HDR, panorama Video 4K@30fps, 1080p@30fps SELFIE CAMERA Single 16 MP Video 1080p@30fps SOUND Loudspeaker Yes, with dual speakers 3.5mm jack Yes COMMS WLAN Wi-Fi 802.11 a/b/g/n/ac, dual-band, Wi-Fi Direct, hotspot Bluetooth 5.0, A2DP, LE GPS Yes, with A-GPS NFC Yes Radio FM radio USB USB Type-C 2.0, USB On-The-Go FEATURES SENSORS & TOOLS G-SENSOR :YES E-COMPASS:YES Gyroscope:YES LIGHT SENSOR:YES PROXIMITY SENSOR:YES FINGERPRINT:YES Browser HTML5 BATTERY:Type Li-Po 5000 mAh, non-removable Charging Fast Charging 33W OPERATING SYSTEMAndroid‚Ñ¢ 11",https://images.tokopedia.net/img/cache/500-square/VqbcmM/2021/6/19/25001f00-b2d3-498a-ac70-ab18673bbe4c.png.webp?ect=4g,Rp2.725.000,5,Indigo Celuler
xiaomi redmi 9 ram 4/64 Garansi resmi,"GARANSI RESMI XIAOMI INDONESIA,IMEI TERDAFTAR MOHON CHAT DULU SEBELUM PEMBAYARAN UNTUK BONUS ACCESORIES,BISA PILIH DI VARIAN GIFT(UTK NON GIFT=TANPA BONUS ACCESORIES/STANDARD DLM BOXNYA) PERMINTAAN WARNA DAN VARIAN GIFT HARAP DITULIS DI CATATAN KIRIM SETIAP HARI ( SENIN - MINGGU )LANGSUNG PROSES!!! READY GOJEK/GRAB!!! SAMEDAY sebelum - jam 3 SORE (Gosend) jam 4 SORE (Grab) mohon jangan mepet2üòä INSTAN sebelum - jam 5 SORE (Gosend) Jam 6 SORE (Grab) mohon jangan mepet2üòä READY ANTER AJA SAMEDAY-sebelum jam 3 SORE!! NOTE:PENTING!!! ORDER MAKSIMAL 1JAM SBLMNYA!!! JNE/J&T DIKIRIM HARI YANG SAMA UNTUK PESANAN SEBELUM JAM 5 SORE(SENIN-MINGGU)",https://images.tokopedia.net/img/cache/500-square/product-1/2020/9/29/47080503/47080503_8a981ea9-8e6a-4b38-a3f8-53ad0e361668_1000_1000.webp?ect=4g,Rp2.099.000,4.9,Bintang Terang Cell
Xiaomi POCO M3 6/128 Garansi Resmi Indonesia,"Promo voucher Powermerchant sd 115ribu di akun masing masing READY Stock sesuai lapak ..siap kirim NEW dan (BNIB) Segel Original Xiaomi POCO M3 versi RAM 6 Gb Internal 128 Gb Dijamin BUKAN REPACK Garansi Resmi PT Xiaomi Indonesia, bukan BM atau Garansi Distributor IMEI tidak masalah - Pengiriman Surabaya di sarankan memakai Go Send/GRAB supaya cepat diterima .. - Pengiriman memakai ekspedisi akan di packing dengan aman. Harap pilih memakai Asuransi demi keamanan (Resiko Hilang dan rusak di tangan pembeli bila tanpa asuransi pengiriman) Spek Dimensi: 162,3 x 77,3 x 9,6 mm Berat: 198 gram Layar: 6,53 inci FHD Dot Drop display Fitur Layar: T√úV Rheinland Low Blue Light certification Resolusi Layar: 2.340 x 1.080 piksel atau FHD Rasio Layar: 19,5:9 aspect ratio, 395ppi Pelindung Layar: Corning Gorilla Glass 3 Chipset: Qualcomm Snapdragon 662 CPU: Octa-core processor, hingga 2,0 GHz GPU: Adreno 610 GPU RAM: 6 GB Penyimpanan Internal: 128GB Baterai: 6.000mAh Pengisian Cepat: 18W Daya Fast Charger: 22,5W Kamera Belakang: 48MP AI (f/1.79) 2MP Macro camera (f/2.4) 2MP Depth sensor (f/2.4) Kamera Depan: 8MP (f/2.05) Fitur Keamanan: Sensor sidik jari samping dan AI Face Unlock Sistem Operasi: MIUI 12 untuk POCO berbasis Android 10",https://images.tokopedia.net/img/cache/500-square/VqbcmM/2021/1/29/4214785b-5eef-463a-a382-b165605dc94e.jpg.webp?ect=4g,Rp2.225.000,5,Darlene Style
Xiaomi Redmi 4X Ram 2Gb Rom 16Gb Black - Garansi Distributor 1 Tahun,"Stok warna silahkan chat terlebih dahulu Garansi Toko 1 Tahun Xiaomi Redmi 4X RAM 2GB ROM 16GB SUDAH BAHASA INDONESIA & PLAYSTORE ROM GLOBAL JARINGAN 4G BISA SEMUA SIMCARD REFURBISH KUALITAS GREAT A+ spesifikasi: www.gsmarena.com Network Technology GSM / CDMA / HSPA / EVDO / LTE Body Dimensions 139.2 x 70 x 8.7 mm (5.48 x 2.76 x 0.34 in) Weight 150 g (5.29 oz) SIM Dual SIM (Nano-SIM/ Micro-SIM, dual stand-by) Display Type IPS LCD capacitive touchscreen, 16M colors Size 5.0 inches (~70.7% screen-to-body ratio) Resolution 720 x 1280 pixels (~294 ppi pixel density) Multitouch Yes - MIUI 8 Platform OS Android OS, v6.0.1 (Marshmallow) Chipset Qualcomm MSM8940 Snapdragon 435 CPU Octa-core 1.4 GHz Cortex-A53 GPU Adreno 505 Memory Card slot microSD, up to 256 GB (dedicated slot) Internal 16 GB, 2 GB RAM Camera Primary 13 MP, f/2.0, phase detection autofocus, LED flash Features Geo-tagging, touch focus, face/smile detection, HDR, panorama Video 1080p@30fps Secondary 5 MP, f/2.2, 1080p Sound Alert types Vibration; MP3, WAV ringtones Loudspeaker Yes 3.5mm jack Yes - Active noise cancellation with dedicated mic Comms WLAN Wi-Fi 802.11 b/g/n, Wi-Fi Direct, hotspot Bluetooth v4.2, A2DP, LE GPS Yes, with A-GPS, GLONASS, BDS Infrared port Yes Radio FM radio USB microUSB v2.0 Features Sensors Fingerprint (rear-mounted), accelerometer, gyro, proximity, compass Messaging SMS(threaded view), MMS, Email, Push Mail, IM Browser HTML5 Java No - Fast battery charging - DivX/Xvid/MP4/H.265 player - MP3/WAV/eAAC+/FLAC player - Photo/video editor - Document viewer Battery Non-removable Li-Po 4100 mAh battery Stand-by Up to 432 h (3G) garansi tidak berlaku apabila ada indikasi HUMAN EROR.",https://images.tokopedia.net/img/cache/500-square/VqbcmM/2021/3/2/f8ab7f4f-f08f-47c3-9e86-949068b512bf.jpg.webp?ect=4g,Rp625.000,4.6,cellularline168
"Apple iPhone 8 256gb Second mulus ex internasional,fullset","DIBACA DAHULU YA GAN SEBELUM MEMBELI ^_^ stok warna silahkan chat Type Iphone 8 256gb Second Mulus Ex internasional USA (kamera silent) Garansi Mesin 1 bulan Kelengkapan fullset dus,buku,kabel data,headset,charger. Unit No Rekondisi/refurbish Semua cashing original 100% apple Belum pernah bongkar/repair FU 100% (FACTORY UNLOCK) / BISA Semua Operator INDO Icloud aman 100% Imei dus dan mesin tembus Bebas Reset / Upgrade Garansi hanya berlaku jika tidak karna HUMAN ERROR (kena air,jatuh,segel dirusak)",https://images.tokopedia.net/img/cache/500-square/VqbcmM/2021/11/2/9e50ad80-6b0b-4e08-9901-afdc16c103cb.png.webp?ect=4g,Rp3.425.000,4.9,cellularline168
Apple iPhone XS 256GB Second Mulus Ex International fullset,"DIBACA DAHULU YA GAN SEBELUM MEMBELI Apple iPhone XS 256GB Second Mulus Ex internasional USA (kamera silent) Garansi Mesin 1 bulan. Unit No Rekondisi Semua cashing original 100% apple Belum pernah bongkar/repair FU 100% (FACTORY UNLOCK) / BISA Semua Operator INDO Icloud aman 100% Imei dus dan mesin tembus Bebas Reset / Upgrade Batterai aman. Kelengkapan fullset dus,buku,kabel data,headset,charger (Kelengkapan Tidak ORiginal) Garansi hanya berlaku jika tidak karna HUMAN ERROR (kena air,jatuh,segel dirusak)",https://images.tokopedia.net/img/cache/500-square/VqbcmM/2021/11/2/c627625b-83fb-4f4e-bc58-2e9cc7368d29.jpg.webp?ect=4g,Rp5.770.000,4.9,cellularline168
OPPO A74 Smartphone 6GB/128GB (Garansi Resmi),"OPPO A74 Front Camera : 8MP Rear Camera : Quad Camera 48 MP + 2 MP + 2 MP + 2 MP CPU : Snapdragon 480 Battery : 5000 mAh Screen : 6,5"" Punch Hole LCD FHD+ Screen RAM : 6GB ROM : 128GB Operating System : Color OS 11.1 based on Android 11 Size(mm) : 162.9 mm x 74.7 mm x 8.4 mm Weight : 190g Network : 2G/3G/4G",https://images.tokopedia.net/img/cache/500-square/VqbcmM/2021/11/25/2b1ad191-37c8-48df-8e14-a3cfcd6b79c8.jpg.webp?ect=4g,Rp3.399.000,4.9,OPPO OFFICIAL STORE
VIVO Y12S RAM 3/32 GARANSI RESMI VIVO INDONESIA,"NEW ARRIVAL VIVO Y12S RAM 3/32 GB GARANSI RESMI VIVO INDONESIA 1TH BACA DULU YA GAN BIAR GA SALAH PAHAM KETERANGAN: Barang akan kita open box sebelum kirim untuk ambil Kartu garansi, Jadi jangan KOMPLAIN. Kenapa ga segel? Fungsinya kami wajib setor Kartu Garansi untuk pihak VIVO supaya bila terjadi sesuatu dengan HP maka bisa langsung klaim di semua SERVICE CENTER VIVO DISELURUH INDONESIA. BONUS : 1. IRING 2. GURITA 3. SOFTCASE ( BAWAAN ) 4. ANTI GORES ( BAWAAN ) 5. WATER PROOF CASE 6. TONGSIS 7. HEADSET BLUETOOTH Spesifikasi : Prosesor: Helio P35 RAM: 3GB ROM: 32GB Baterai: 5000mAh (TYP) Warna: Phantom Black / Glacier Blue Sistem Operasi: Funtouch OS 11 (berdasarkan Android 10) Bodi Dimensi: 164.41√ó76.32√ó8.41mm Berat: 191g Output Pengisian Daya: 10W Bahan: Plastik Kaca Tampilan Layar: 6.51-inch Resolusi: 1600*720(HD+) Tipe: LCD(IPS) Layar Sentuh: Layar sentuh kapasitif Jaringan 2G GSM B3/5/8 3G WCDMA B1/5/8 CDMA / 4G FDD-LTE B1/3/5/8 4G TDD-LTE B40 Slot Kartu: 2 Nano SIM + 1 Micro SD Mode Standby: Dual SIM dan Dual Standby Kamera Kamera: Depan 8MP / Belakang 13MP+2MP Aperture: Depan f/1.8 (8MP) / Belakang f/2.2 (13MP) + f/2.4 (2MP) Lampu Kilat: Lampu kilat belakang Mode: Portrait, Photo, Video, Pano, Live Photo, Slo-Mo, Time-Lapse, Pro, DOC",https://images.tokopedia.net/img/cache/500-square/VqbcmM/2020/12/2/9f9ad1dd-04e3-4712-b7a8-6a50f6c68577.jpg.webp?ect=4g,Rp1.189.900,4.9,happy ponsell
Xiaomi POCO X3 Pro NFC 6/128 8/256 RAM 6 8 ROM 128 256 - Garansi Resmi,"Deskripsi POCO X3 Pro Xiaomi Official Store Garansi Resmi, IMEI Resmi Terdaftar di IMEI KEMENPERIN Spesifikasi Penyimpanan & RAM 6+128GB/ 8+256GB LPDDR4X+UFS 3.1 *Penyimpanan dan RAM yang tersedia lebih sedikit dari total memori dikarenakan penyimpanan operasi sistem dan pra-instal software di perangkat. *Konfigurasi yang tersedia bervariasi antar daerah. Dimensi Tinggi: 165,3 mm x Lebar: 76,8 mm x Ketebalan: 9,4 mm Berat: 215g *Data disediakan oleh laboratorium internal. Metode pengukuran industri dapat bervariasi, dan karenanya hasil aktual dapat berbeda. Tampilan 6,67‚Äù FHD+ DotDisplay 2400x1080, 395ppi Rasio aspek: 20:9 Kecerahan: 450 nits (typ) Rasio menyegarkan layar 120Hz DynamicSwitch: 50Hz/60Hz/90Hz/120Hz Rasio pengambilan sampel sentuh 240Hz Mendukung tampilan Sinar Matahari, Mode Baca 3.0 Corning¬Æ Gorilla¬Æ Glass 6 L1 Widevine Prosesor Qualcomm¬Æ Snapdragon‚Ñ¢ 860 CPU: Qualcomm¬Æ Kryo‚Ñ¢ 485, proses manufaktur 7nm, CPU octa-core, hingga 2,96GHz GPU: Qualcomm¬Æ Adreno‚Ñ¢ 640 Baterai & Pengisian daya 5160mAh (typ) baterai berkapasitas tinggi* Teknologi Middle Middle Tab (MMT) USB-C Mendukung pengisian daya cepat 33W Pengisi daya cepat 33W di dalam kotak Kamera Belakang 48MP kamera utama Ukuran sensor 1/2"""""""" 1,6Œºm piksel besar (4-in-1) f/1.79 AF 8MP kamera ultra-wide FOV 119¬∞ f/2.2 2MP kamera makro f/2.4 FF (4cm) 2MP sensor depth f/2.4 FF Fitur Video & Fotografi Mode Malam (mendukung sudut ultra lebar) Dual video Rekaman video 4K 3840x2160 30fps 1080p, 1920x1080 60fps 1080p, 1920x1080 30fps 720p, 1280x720 30fps Kamera Depan 20MP kamera depan dalam layar f/2.2 1,6Œºm piksel besar (4-in-1) Fitur Video & Fotografi Mode malam Dual video Keamanan Sensor sidik jari samping AI Face Unlock NFC NFC multifungsi* Mendukung Google Play *Ketersediaan dapat beragam di setiap pasar Jaringan & Konektivitas Mendukung dual kartu nano-SIM* Memori eksternal sampai dengan 1TB* Band jaringan: 2G: GSM: 850 900 1800 1900MHz 3G: WCDMA: B1/2/4/5/8 4G: FDD-LTE: B1/2/3/4/5/7/",https://images.tokopedia.net/img/cache/500-square/VqbcmM/2021/5/6/e5194893-9041-469c-82b4-cfce941d3049.jpg.webp?ect=4g,Rp3.460.000,4.7,SUPER_GADGET
Samsung Galaxy A72 8/128Gb | 8/256Gb - Grs resmi Sein,"Samsung Galaxy A72 4G Varian 8/128Gb dan 8/256Gb Imei Terdaftar Garansi resmi samsung 1thn Ready Awesome Black, White, Blue, Violet, White Pilih sesuai varian dan warna NETWORKTechnologyGSM / HSPA / LTE / 2G bandsGSM 850 / 900 / 1800 / 1900 - SIM 1 & SIM 2 (dual-SIM model only)3G bandsHSDPA 850 / 900 / 1700(AWS) / 1900 / 21004G bandsLTE (unspecified) bandsSA/NSASpeedHSPA 42.2/5.76 Mbps, LTE-A, LAUNCHAnnouncedNot announced yetStatusRumoredBODYDimensions165 x 77.4 x 8.4 mm (6.50 x 3.05 x 0.33 in)Weight203 g (7.16 oz)SIMSingle SIM (Nano-SIM) or Hybrid Dual SIM (Nano-SIM, dual stand-by)DISPLAYTypeSuper AMOLED, 120Hz, 800 nits (peak)Size6.7 inches, 108.4 cm2 (~84.9% screen-to-body ratio)Resolution1080 x 2400 pixels, 20:9 ratio (~393 ppi density)ProtectionUnspecifiedPLATFORMOSAndroid 11, One UI 3.1ChipsetQualcomm SM7225 Snapdragon 750G 5G (8 nm)CPUOcta-core (2x2.2 GHz Kryo 570 & 6x1.8 GHz Kryo 570)GPUAdreno 619MEMORYCard slotmicroSDXC (uses shared SIM slot)Internal128GB 6GB RAM, 256GB 8GB RAMMAIN CAMERAQuad64 MP, f/1.8, 26mm (wide), 1/1.7X"", 0.8¬µm, PDAF, OIS 8 MP, f/2.4, (telephoto), 1.0¬µm, PDAF, OIS, 3x optical zoom 12 MP, f/2.2, 123Àö (ultrawide), 1.12¬µm 5 MP, f/2.4, (macro)FeaturesLED flash, panorama, HDRVideo4K@30fps, 1080p@30/120fps; gyro-EISSELFIE CAMERASingle32 MP, f/2.2, 26mm (wide), 1/2.8"", 0.8¬µmFeaturesHDRVideo4K@30fps, 1080p@30fpsSOUNDLoudspeakerYes, with stereo speakers3.5mm jackYesCOMMSWLANWi-Fi 802.11 a/b/g/n/ac, dual-band, Wi-Fi Direct, hotspotBluetooth5.0, A2DP, LEGPSYes, with A-GPS, GLONASS, GALILEO, BDSNFCYes (market/region dependent)RadioUnspecifiedUSBUSB Type-C 2.0, USB On-The-GoFEATURESSensorsFingerprint (under display, optical), accelerometer, gyro, proximity, compassMessagingSMS(threaded view), MMS, Email, Push Email, IMBrowserHTML5 ANT+BATTERYTypeLi-Ion 5000 mAh, non-removableChargingFast charging 25W",https://images.tokopedia.net/img/cache/500-square/VqbcmM/2021/3/18/38aebe42-ed95-4465-970e-acb1f13cbf58.jpg.webp?ect=4g,Rp5.359.000,5,Pluto sellular
XIAOMI REDMI 9A RAM 2/32GB GARANSI RESMI XIAOMI INDONESIA TERMURAH,,https://images.tokopedia.net/img/cache/500-square/attachment/2021/3/24/65580410/65580410_db533f6c-2ec2-4b04-ab6e-b2ba1defe0f3.jpg.webp?ect=4g,Rp1.311.600,4.9,Hapemall.id
Xioami Redmi Note 10s Ram 6GB Rom 64GB,"HARAP! Diskusikan untuk stok warna, Terima Kasih!! ‚Ä¢ Layar 6.43"" ‚Ä¢ Main Camera 64MP, Selfie Camera 13MP ‚Ä¢ Android 11, MIUI 12.5 ‚Ä¢ Li-Po 5000 mAh ‚Ä¢ Mediatek Helio G95 (12 nm) Garansi Resmi 1 Tahun ------------------------------------------------------------------ PENGIRIMAN! GO-SEND / GO-JEK -------------------------------------------------------------------------- Khusus untuk Go-Send / Go-Jek order masuk sebelum pukul 16.00 WIB untuk di kirim hari itu juga -------------------------------------------------------------------------- BARANG! - Barang yang kita kirim 100% Baru dan Original - Bukan barang KW / BM / Refurbished - Untuk barang-barang tertentu kita selalu melakukan QC terlebih dahulu, untuk memastikan kelayakan barang tersebut -------------------------------------------------------------------------- HATI-HATI PENIPUAN! Kami hanya menerima Order melalui Marketplace BE SMART BUYER! Sebagai pengingat order masuk setelah pukul 14:00 WIB akan dikirim keesokan harinya ya üòä Jam operasional pukul 10:00 - 21:00 WIB",https://images.tokopedia.net/img/cache/500-square/VqbcmM/2021/5/29/340f3441-b22a-4186-a9d4-283e96e1baf6.jpg.webp?ect=4g,Rp2.651.000,5,Atlantic Cellular
Infinix Smart 5 3/64 Gb Garansi Resmi INFINIX,"NETWORK Technology GSM / HSPA / LTE LAUNCH Announced 2020, August 13 Status Available. Released 2020, August 20 BODY Dimensions 165.4 x 76.4 x 8.8 mm (6.51 x 3.01 x 0.35 in) Weight 183 g (6.46 oz) Build Glass front, plastic back, plastic frame SIM Dual SIM (Nano-SIM, dual stand-by) DISPLAY Type IPS LCD capacitive touchscreen, 16M colors Size 6.6 inches, 105.2 cm2 (~83.2% screen-to-body ratio) Resolution 720 x 1600 pixels, 20:9 ratio (~266 ppi density) PLATFORM OS Android 10 (Go edition) Chipset Mediatek MT6761D Helio A20 (12 nm) CPU Quad-core 1.8 GHz Cortex-A53 GPU PowerVR GE8320 MEMORY Card slot microSDXC (dedicated slot) Internal 32GB 2GB RAM, 64GB 3GB RAM eMMC 5.1 MAIN CAMERA Triple 13 MP + QVGA + QVGA (X657 model) or 8 MP + QVGA (X657C model) Features Triple-LED flash Video 1080p@30fps SELFIE CAMERA Single 8 MP Features Dual-LED flash Video 1080p@30fps SOUND Loudspeaker Yes 3.5mm jack Yes COMMS WLAN Wi-Fi 802.11 a/b/g/n/ac, dual-band, Wi-Fi Direct, hotspot Bluetooth 4.2, A2DP GPS Yes, with A-GPS Radio FM radio USB microUSB 2.0 FEATURES Sensors Fingerprint (rear-mounted), accelerometer, gyro, proximity BATTERY Type Li-Po 5000 mAh, non-removable",https://images.tokopedia.net/img/cache/500-square/VqbcmM/2021/1/27/a9724808-f518-4219-8f89-24dd3fe51565.jpg.webp?ect=4g,Rp1.369.000,4.9,Senjaya Selindo
Samsung Galaxy A72 8/256GB 8/128GB Garansi Resmi 8 GB 128 GB 256 GB,"Tersedia juga aksesoris kompatible dengan produk ini : -Antigores Hydrogel : https://www.tokopedia.com/macpromo/anti-gores-jelly-tempered-glass-hydrogel-xiaomi-samsung-vivo-oppo-real -Powerbank : https://www.tokopedia.com/macpromo/realme-powerbank-power-bank-2i-10000mah-quick-charge-dual-output -Earphone : https://www.tokopedia.com/macpromo/defunc-go-talk-music-sport-hybrid-headphone-earphone-garansi-resmi VARIANT PRODUK Non Bundle : Tidak dapat paket bundling tambahan (hanya bawaan pabrik saja) Bundle Antigores : Dapat Antigores Hydrogel 1pcs Bundle Powerbank : Dapat Powerbank Realme 2i 10,000mAh 1pcs Bundle Defunc : Dapat Defunc Earphone 1pcs Bundle Lengkap : Dapat Antigores Hydrogel 1pcs, Powerbank Realme 2i 10,000mAh 1pcs , Defunc Earphone 1pcs Warna : Awesome Black, Awesome White, Awesome Violet, Awesome Blue Setiap pembelian unit di ""MAC PROMO"" Official Store CASHBACK HINGGA 300RB PRODUK YANG DIJUAL DI SINI -Garansi Resmi 1 Tahun -UNIT 100% BARU, BUKAN REFUBISH ATAU SECOND -Produk dan Aksesoris 100% ORIGINAL -Good Service, Great After Sales -GARANSI Bisa claim di seluruh service center resmi Samsung Indonesia Spesifikasi : -Super AMOLED, 90Hz, 800 nits (peak) -6.7 inches, 108.4 cm2 (~84.9% screen-to-body ratio) -1080 x 2400 pixels, 20:9 ratio (~393 ppi density) -Android 11, One UI 3.1 -Qualcomm SM7125 Snapdragon 720G (8 nm) -Octa-core (2x2.3 GHz Kryo 465 Gold & 6x1.8 GHz Kryo 465 Silver) -Adreno 618 -64 MP, f/1.8, 26mm (wide), 1/1.7X"", 0.8¬µm, PDAF, OIS -8 MP, f/2.4, (telephoto), 1.0¬µm, PDAF, OIS, 3x optical zoom -12 MP, f/2.2, 123Àö (ultrawide), 1.12¬µm -5 MP, f/2.4, (macro) -LED flash, panorama, HDR -4K@30fps, 1080p@30/120fps; gyro-EIS -32 MP, f/2.2, 26mm (wide), 1/2.8"", 0.8¬µm -4K@30fps, 1080p@30fps -USB Type-C 2.0, USB On-The-Go -Li-Ion 5000 mAh, non-removable -Fast charging 25W",https://images.tokopedia.net/img/cache/500-square/VqbcmM/2021/9/27/52147770-84fd-4ae2-9d26-de53a7aeb8c7.jpg.webp?ect=4g,Rp5.420.000,4.8,Mac Promo
Realme C25s 4/128 RAM 4GB Internal 128GB Garansi Resmi Indonesia,"Garansi Resmi Realme Indonesia Resmi IMEI sudah terdaftar Check imei : https://www.kemenperin.go.id/imei/ Jadi saat hp diaktifkan / dipakai otomatis GARANSI Berlaku Agar mengurangi Resiko Kerusakan saat pengiriman Paket, disarankan untuk order ini juga ya gan - Extra Bubble wrap https://www.tokopedia.com/votevip/tambahan-bubble-wrap-untuk-packing-agar-lebih-aman - Extra Box https://www.tokopedia.com/votevip/tambahan-box-untuk-packing-agar-lebih-aman NOTE : REALME PASTI BUKA SEGEL DAN REPACK UNTUK PENGAKTIFAN GARANSI, MEMBELI BERARTI SETUJU DISPLAY Type IPS LCD, 480 nits (typ), 570 nits (peak) Size 6.5 inches, 102.0 cm2 (~81.7% screen-to-body ratio) Resolution 720 x 1600 pixels, 20:9 ratio (~270 ppi density) PLATFORM OS Android 11, Realme UI 2.0 Chipset MediaTek Helio G85 (12nm) CPU Octa-core (2x2.0 GHz Cortex-A75 & 6x1.8 GHz Cortex-A55) GPU Mali-G52 MC2 MEMORY Card slot microSDXC (dedicated slot) RAM 4GB INTERNAL 128GB eMMC 5.1 MAIN CAMERA Triple 48 MP, f/1.8, 26mm (wide), PDAF (International model) or 13 MP, f/2.2, 26mm (wide), 1/3.06"", 1.12¬µm, PDAF (India model) 2 MP, f/2.4, (macro) 2 MP, f/2.4, (depth) Features LED flash, HDR, panorama Video 1080p@30/60fps SELFIE CAMERA Single 8 MP, f/2.0, 26mm (wide), 1/4.0"", 1.12¬µm Features HDR, panorama Video 1080p@30fps",https://images.tokopedia.net/img/cache/500-square/VqbcmM/2021/7/22/d1f3041b-1d28-484b-94a9-88110f890f20.jpg.webp?ect=4g,Rp2.195.000,5,Vote VIP
Xiaomi Note 10 Pro 6/128 RAM 6GB ROM 128GB Garansi Resmi Indonesia,"SEMUA PRODUK XIAOMI YANG KAMI JUAL DALAM KONDISI BARU , BNIB , NO REPACK , GARANSI RESMI TAM . STOCK TERBATAS Resmi IMEI sudah terdaftar Check imei : https://www.kemenperin.go.id/imei/ Jadi saat hp diaktifkan / dipakai otomatis GARANSI Berlaku Agar mengurangi Resiko Kerusakan saat pengiriman Paket, disarankan untuk order link yang ada di bawah - Extra Bubble wrap https://www.tokopedia.com/votevip/tambahan-bubble-wrap-untuk-packing-agar-lebih-aman - Extra Box https://www.tokopedia.com/votevip/tambahan-box-untuk-packing-agar-lebih-aman Prosesor Qualcomm Snapdragon 732GProses pemrosesan 8nmQualcomm Adreno 618 GPU Penyimpanan dan RAM 6GB+128GBLPDDR4X RAM + UFS 2.2 Tampilan Layar AMOLED DotDisplayResolusi: 2400 x 1080 FHD+PPI 395Rasio kontras: 4.500.000 Kamera Belakang 108MP+8MP+5MP+2MP quad kamera108MP kamera wide-angle Kamera Depan 16MP kamera depanf/2.45Fitur fotografi kamera depan Mode Selfie Malam Baterai & Pengisian daya 5020mAh (typ) baterai berkapasitas tinggiPengisian cepat 33W Keamanan Sensor sidik jari samping ArcAI face unlock NFC NFC multifungsi**Ketersediaan dapat beragam di setiap pasar Jaringan & Konektivitas Kartu dual SIMBand jaringan yang didukung:4G: LTE Sensor Sensor jarak | Sensor cahaya sekitar | Akselerometer | Kompas elektronik | Giroskop | Motor getaran linier | IR Blaster Tahan Percikan, Air, dan Debu IP53*Perangkat telah diuji dalam lingkungan terkontrol dan disertifikasi agar tahan terhadap percikan, air, dan debu dalam kondisi laboratorium tertentu dengan klasifikasi IP53 menurut standar IEC 60529. Sistem Operasi MIUI 12 berbasis Android R Isi Kotak Redmi Note 10 Pro/Adaptor/Kabel USB tipe C/Alat SIM ejektor/Soft case/Panduan Pengguna/Kartu Garansi",https://images.tokopedia.net/img/cache/500-square/VqbcmM/2021/7/6/ccc24b99-019a-4371-8f29-190a819b9eb6.jpg.webp?ect=4g,Rp3.616.000,5,Vote VIP
Infinix Hot Play 9 4/64 Garansi Resmi Official,"üëçFree Casing & Antigores üëç Layar Size 6.82 inches Android 10 (Go edition) - 64/4GB MediaTek Helio A25 (12 nm) - 64/4GB CPU Quad-core 2.0 GHz Cortex-A53 GPU PowerVR GE8300 PowerVR GE8320 MEMORY Card slot microSDXC (dedicated slot) Internal 64GB 4GB RAM MAIN CAMERA Dual 13 MP + QVGA SELFIE CAMERA Single 8 MP, (wide) Non-removable Li-Po 6000 mAh battery",https://images.tokopedia.net/img/cache/500-square/VqbcmM/2021/4/20/36d4db1b-1a91-43d2-9993-4445307b0168.jpg.webp?ect=4g,Rp1.555.000,4.9,toko199
Xiaomi redmi Poco M3 6/128GB garansi resmi,,https://images.tokopedia.net/img/cache/500-square/VqbcmM/2021/1/28/8b690fe5-3723-497e-83b8-95c0cb7d3bc5.jpg.webp?ect=4g,Rp2.250.000,5,Piramid Cell
OPPO RENO 4F RAM 8/128 GB GARANSI RESMI OPPO INDONESIA,"NEW ARIVAL OPPO RENO 4F RAM 8/128 GB GARANSI RESMI OPPO INDONESIA. Note: Claim Garansi Dan Asuransi Dapat Dilakukan Di Seluruh Service Center Oppo Indonesia dan 100% ORIGINAL BONUS : 1. IRING 2. GURITA 3. SOFTCASE ( BAWAAN ) 4. ANTI GORES ( BAWAAN ) 5. TONGSIS 6. PERDANA SIM 7. WATERPROOF CASE 8. EXCLUSIVE GIFT BOX OASE : ( Isinya : Smart Band Oase dan Headset Bluetooth ) Untuk mendapatkan Bonus EXCLUSIVE GIFT BOX OASE silakan pilih variant FULL BONUS , dan untuk variant BONUS 7 berarti mendapatkan BONUS 7 Item dari No.1 sampai No.7 dan Tidak dapat EXCLUSIVE GIFT BOX OASE. BONUS SELALU TERSEDIA....!!!!! PENGIRIMAN CEPAT DAN DIJAMIN SAMPAI TUJUAN ANDA . PACKING LEBIH AMAN DENGAN MENGGUNAKAN BUBLE WRAP ( GRATIS ). NB : SEBELUM ORDER CEK DULU YA GAN WARNA NYA DAN SAAT ORDER MOHON TULIS WARNA DI KETERANGAN. Fitur : Dual SIM (Nano-SIM, dual stand-by) Display : 6.43, Super AMOLED, 430 nits (typ), 800 nits (peak) OS : Android 11, ColorOS 7.2 Chipset : Mediatek MT6779V Helio P95 (12 nm) Main Camera :48MP + 8MP wide angel + 2MP makro + 2MP potrait Selfie Camera : 16MP dan 2 MP USB USB Type-C 2.0, USB On-The-Go NFC : No Battery :Li-Po 4000 mAh, non-removable Ram 8GB + Room 128GB",https://images.tokopedia.net/img/cache/500-square/VqbcmM/2020/11/6/92e96bac-5648-4f0e-8567-7e304963ef83.jpg.webp?ect=4g,Rp3.229.000,4.9,Grandstore cell
iPhone Xr 64gb 64 second original Normal Fullset,"READY = Black / White / Blue / Red / Yellow Iphone XR 64GB Single sim original 100% Kondisi =Mulus 95-98% UNIT Fungsi All Normal work it Baterai health diatas 90% Sudah FU ( factory Unlock ) Semua operator GSM bisa di gunakan Support semua kartu GSM dan 4G / LTE Kelengkapan Fullset Acc oem All operator - Untuk Order Quantity / Reseller - Dropship Best Price / Reseller Welcome Mohon Lakukan üìπ Video Unboxing/Saat Buka Paket waktu üó≥Ô∏èPaket Diterima Jika ada kekurangan barang ,harap foto üìë Label pengiriman dan Melampirkan üìπ video unboxing/video saat buka paket dari awal sampai akhir tanpa ada jeda",https://images.tokopedia.net/img/cache/500-square/VqbcmM/2021/11/6/602406fe-c907-400c-b8d9-5cf07827e0fe.jpg.webp?ect=4g,Rp4.918.000,5,AS CELLULAR 88
NEW NOKIA 110 2019 GARANSI RESMI TAM NOKIA,"NEW NOKIA 110 2019 GARANSI RESMI TAM NOKIA Spec : NETWORK Technology GSM LAUNCH Announced 2019, September Status Available. Released 2019, September BODY Dimensions 115.2 x 49.9 x 14.3 mm (4.54 x 1.96 x 0.56 in) Weight - SIM Dual SIM (Mini-SIM, dual stand-by) Flashlight DISPLAY Type TFT, 65K colors Size 1.77 inches, 9.7 cm2 (~16.9% screen-to-body ratio) Resolution 120 x 160 pixels, 4:3 ratio (~113 ppi density) MEMORY Card slot microSD, up to 32 GB Phonebook Yes Call records Yes Internal 4MB MAIN CAMERA Single QVGA Video Yes SELFIE CAMERA No SOUND Loudspeaker Yes 3.5mm jack Yes COMMS WLAN No Bluetooth No GPS No Radio FM radio USB microUSB 2.0 FEATURES Sensors Messaging SMS Games Yes Java No MP3 player BATTERY Removable Li-Ion 800 mAh battery Stand-by Up to 444 h Nb. Jangan lupa Asuransikan produk kiriman. Agar mendapatkan keamanan ""EXTRA"". Waktu Operasional : Senin sd Sabtu 09.00 - 16.30 Minggu dan Hari Besar (Libur) (Slow respon) Pesanan yang masuk akan di proses di hari dan jam Operasional.",https://images.tokopedia.net/img/cache/500-square/VqbcmM/2021/5/24/86d614dc-8b85-4353-9714-08cef8fede54.png.webp?ect=4g,Rp306.000,5,ACS
